compound_id,name,dose_mg_day,target_uniprot,predicted_pAC50,predicted_AC50_uM,free_cmax_uM,margin_log10_AC50_over_free_Cmax,target_gene
SMOKE_CITALOPRAM_20,Citalopram,20,P35414,6.862614631652832,0.13720987489289732,0.023893112057594045,0.7591126484249355,APLNR
SMOKE_CITALOPRAM_20,Citalopram,20,P24530,5.647902488708496,2.2495596383671232,0.023893112057594045,1.9738247913692715,EDNRB
SMOKE_CITALOPRAM_20,Citalopram,20,P30518,5.8514404296875,1.4078603252849156,0.023893112057594045,1.7702868503902676,AVPR2
SMOKE_CITALOPRAM_20,Citalopram,20,P35346,5.247652053833008,5.653897699244106,0.023893112057594045,2.3740752262447598,SSTR5
SMOKE_CITALOPRAM_20,Citalopram,20,Q9Y271,4.236218452453613,58.04723633630945,0.023893112057594045,3.3855088276241543,CYSLTR1
SMOKE_CITALOPRAM_20,Citalopram,20,P34998,6.588958740234375,0.2576565929757228,0.023893112057594045,1.0327685398433926,CRHR1
SMOKE_CITALOPRAM_20,Citalopram,20,P30874,5.7824201583862305,1.6503643799018133,0.023893112057594045,1.839307121691537,SSTR2
SMOKE_CITALOPRAM_20,Citalopram,20,P34995,6.48884391784668,0.32445620350449716,0.023893112057594045,1.1328833622310879,PTGER1
SMOKE_CITALOPRAM_20,Citalopram,20,P08173,6.892560005187988,0.12806781347899265,0.023893112057594045,0.7291672748897793,CHRM4
SMOKE_CITALOPRAM_20,Citalopram,20,P30988,5.144908905029297,7.16293639856691,0.023893112057594045,2.4768183750484707,CALCR
SMOKE_CITALOPRAM_20,Citalopram,20,P41595,5.804551124572754,1.568371260219761,0.023893112057594045,1.8171761555050137,HTR2B
SMOKE_CITALOPRAM_20,Citalopram,20,P35408,5.989721298217773,1.0239498855212719,0.023893112057594045,1.6320059818599941,PTGER4
SMOKE_CITALOPRAM_20,Citalopram,20,P21918,10.80370807647705,1.5714187236874485e-05,0.023893112057594045,-3.181980796399283,DRD5
SMOKE_CITALOPRAM_20,Citalopram,20,P31391,6.9167327880859375,0.12113432173480798,0.023893112057594045,0.7049944919918301,SSTR4
SMOKE_CITALOPRAM_20,Citalopram,20,P30968,5.172208786010742,6.726532021577106,0.023893112057594045,2.4495184940670254,GNRHR
SMOKE_CITALOPRAM_20,Citalopram,20,P08913,5.872952461242676,1.3398233391872354,0.023893112057594045,1.7487748188350918,ADRA2A
SMOKE_CITALOPRAM_20,Citalopram,20,Q13639,7.493439674377441,0.03210408714675192,0.023893112057594045,0.12828760570032616,HTR4
SMOKE_CITALOPRAM_20,Citalopram,20,P43116,6.597966194152832,0.2523677209988316,0.023893112057594045,1.0237610859249355,PTGER2
SMOKE_CITALOPRAM_20,Citalopram,20,P37288,6.916286468505859,0.12125887411155967,0.023893112057594045,0.7054408115719082,AVPR1A
SMOKE_CITALOPRAM_20,Citalopram,20,P28222,5.963403701782227,1.087918340288403,0.023893112057594045,1.658323578295541,HTR1B
SMOKE_CITALOPRAM_20,Citalopram,20,P32238,5.277471542358398,5.2787179505019495,0.023893112057594045,2.344255737719369,CCKAR
SMOKE_CITALOPRAM_20,Citalopram,20,P18825,5.7297468185424805,1.8631729975280213,0.023893112057594045,1.891980461535287,ADRA2C
SMOKE_CITALOPRAM_20,Citalopram,20,P30872,5.40805721282959,3.9078941081696135,0.023893112057594045,2.2136700672481777,SSTR1
SMOKE_CITALOPRAM_20,Citalopram,20,P47901,5.4718122482299805,3.374331543517159,0.023893112057594045,2.149915031847787,AVPR1B
SMOKE_CITALOPRAM_20,Citalopram,20,P25021,6.70701789855957,0.1963279362621825,0.023893112057594045,0.9147093815181973,HRH2
SMOKE_CITALOPRAM_20,Citalopram,20,P18089,6.71624755859375,0.19219958314452157,0.023893112057594045,0.9054797214840176,ADRA2B
SMOKE_CITALOPRAM_20,Citalopram,20,P48039,7.237661361694336,0.05785469898363333,0.023893112057594045,0.3840659183834316,MTNR1A
SMOKE_CITALOPRAM_20,Citalopram,20,P49286,7.734488487243652,0.018429413430414803,0.023893112057594045,-0.11276120716588478,MTNR1B
SMOKE_CITALOPRAM_20,Citalopram,20,P43088,5.704453468322754,1.9749064657666613,0.023893112057594045,1.9172738117550137,PTGFR
SMOKE_CITALOPRAM_20,Citalopram,20,P41146,6.154790878295898,0.7001790654294565,0.023893112057594045,1.4669364017818691,OPRL1
SMOKE_CITALOPRAM_20,Citalopram,20,P32745,5.2976789474487305,5.038729596385058,0.023893112057594045,2.324048332629037,SSTR3
SMOKE_CITALOPRAM_20,Citalopram,20,P08912,6.822739601135254,0.15040435060498836,0.023893112057594045,0.7989876789425137,CHRM5
SMOKE_CITALOPRAM_20,Citalopram,20,P21728,8.39950180053711,0.003985641199070135,0.023893112057594045,-0.7777745204593418,DRD1
SMOKE_CITALOPRAM_20,Citalopram,20,Q9UBS5,6.865124702453613,0.1364191369149935,0.023893112057594045,0.7566025776241543,GABBR1
SMOKE_CITALOPRAM_20,Citalopram,20,P07550,7.167854309082031,0.06794315203857579,0.023893112057594045,0.4538729709957363,ADRB2
SMOKE_CITALOPRAM_20,Citalopram,20,P61073,4.815715789794922,15.28566052411506,0.023893112057594045,2.8060114902828457,CXCR4
SMOKE_CITALOPRAM_20,Citalopram,20,P08172,7.009079933166504,0.09793097240084245,0.023893112057594045,0.6126473469112637,CHRM2
SMOKE_CITALOPRAM_20,Citalopram,20,P08588,7.375838279724121,0.04208833255081984,0.023893112057594045,0.24588900035364647,ADRB1
SMOKE_CITALOPRAM_20,Citalopram,20,P08908,6.283718109130859,0.5203336239071332,0.023893112057594045,1.3380091709469082,HTR1A
SMOKE_CITALOPRAM_20,Citalopram,20,P11229,6.65397834777832,0.22183070131415986,0.023893112057594045,0.9677489322994473,CHRM1
SMOKE_CITALOPRAM_20,Citalopram,20,P14416,8.303152084350586,0.004975628143588963,0.023893112057594045,-0.6814248042728184,DRD2
SMOKE_CITALOPRAM_20,Citalopram,20,P21554,6.172306060791016,0.6725025558385677,0.023893112057594045,1.449421219286752,CNR1
SMOKE_CITALOPRAM_20,Citalopram,20,P21917,5.770159721374512,1.6976192007371038,0.023893112057594045,1.8515675587032558,DRD4
SMOKE_CITALOPRAM_20,Citalopram,20,O43193,6.361234664916992,0.43527661453325517,0.023893112057594045,1.2604926151607754,MLNR
SMOKE_CITALOPRAM_20,Citalopram,20,P25100,6.516602516174316,0.3043669440305835,0.023893112057594045,1.1051247639034512,ADRA1D
SMOKE_CITALOPRAM_20,Citalopram,20,P28223,7.198993682861328,0.06324210503473897,0.023893112057594045,0.42273359721643944,HTR2A
SMOKE_CITALOPRAM_20,Citalopram,20,P28335,6.395567893981934,0.4021907759277949,0.023893112057594045,1.226159386095834,HTR2C
SMOKE_CITALOPRAM_20,Citalopram,20,P30542,5.520395278930664,3.017204321437523,0.023893112057594045,2.1013320011471035,ADORA1
SMOKE_CITALOPRAM_20,Citalopram,20,P30556,4.613733291625977,24.33698129838546,0.023893112057594045,3.007993988451791,AGTR1
SMOKE_CITALOPRAM_20,Citalopram,20,P35348,8.24040412902832,0.005749047156699714,0.023893112057594045,-0.6186768489505527,ADRA1A
SMOKE_CITALOPRAM_20,Citalopram,20,P35367,6.608931541442871,0.24607554665292747,0.023893112057594045,1.0127957386348965,HRH1
SMOKE_CITALOPRAM_20,Citalopram,20,P35368,6.427225112915039,0.37391672142425647,0.023893112057594045,1.1945021671627285,ADRA1B
SMOKE_CITALOPRAM_20,Citalopram,20,P21452,5.202306747436523,6.276149102358792,0.023893112057594045,2.419420532641244,TACR2
SMOKE_CITALOPRAM_20,Citalopram,20,P35372,4.668069839477539,21.47485106404413,0.023893112057594045,2.9536574406002285,OPRM1
SMOKE_CITALOPRAM_20,Citalopram,20,P35462,8.03320026397705,0.009264025376413238,0.023893112057594045,-0.4114729838992832,DRD3
SMOKE_CITALOPRAM_20,Citalopram,20,P41143,5.323402404785156,4.748949979665385,0.023893112057594045,2.2983248752926113,OPRD1
SMOKE_CITALOPRAM_20,Citalopram,20,P41145,4.612347602844238,24.41475649661717,0.023893112057594045,3.0093796772335293,OPRK1
SMOKE_CITALOPRAM_20,Citalopram,20,P32246,6.203426361083984,0.625998999232148,0.023893112057594045,1.4183009189937832,CCR1
SMOKE_CITALOPRAM_20,Citalopram,20,P25025,6.738407135009766,0.18263872428719016,0.023893112057594045,0.8833201450680019,CXCR2
SMOKE_CITALOPRAM_20,Citalopram,20,P20309,7.21513557434082,0.06093466469162765,0.023893112057594045,0.40659170573694725,CHRM3
SMOKE_CITALOPRAM_20,Citalopram,20,P13945,7.208391189575195,0.06188833664255574,0.023893112057594045,0.41333609050257225,ADRB3
SMOKE_CITALOPRAM_20,Citalopram,20,P25103,6.715280532836914,0.19262802291148737,0.023893112057594045,0.9064467472408535,TACR1
SMOKE_CITALOPRAM_20,Citalopram,20,P25105,6.390264511108398,0.4071322345871546,0.023893112057594045,1.2314627689693691,PTAFR
SMOKE_CITALOPRAM_20,Citalopram,20,P29274,6.9037370681762695,0.12481389374369738,0.023893112057594045,0.717990211901498,ADORA2A
SMOKE_CITALOPRAM_20,Citalopram,20,P25101,5.710341453552246,1.9483121840033837,0.023893112057594045,1.9113858265255215,EDNRA
SMOKE_CITALOPRAM_20,Citalopram,20,P34972,5.2072858810424805,6.204604720961851,0.023893112057594045,2.414441399035287,CNR2
SMOKE_CITALOPRAM_20,Citalopram,20,P29275,6.637537956237793,0.23038916129646897,0.023893112057594045,0.9841893238399746,ADORA2B
SMOKE_CITALOPRAM_20,Citalopram,20,P0DMS8,5.344754219055176,4.521117362787684,0.023893112057594045,2.276973061022592,ADORA3
SMOKE_CITALOPRAM_20,Citalopram,20,P32245,5.049421310424805,8.924393055200094,0.023893112057594045,2.572305969652963,MC4R
SMOKE_CITALOPRAM_20,Citalopram,20,Q9Y5N1,6.51689338684082,0.3041631611619954,0.023893112057594045,1.1048338932369473,HRH3
SMOKE_CITALOPRAM_20,Citalopram,20,P51681,5.9238691329956055,1.1916010219452453,0.023893112057594045,1.697858147082162,CCR5
SMOKE_CITALOPRAM_20,Citalopram,20,P32239,4.969066619873047,10.738246772275637,0.023893112057594045,2.6526606602047207,CCKBR
SMOKE_CITALOPRAM_20,Citalopram,20,P30543,6.335676193237305,0.46166165779868146,0.023893112057594045,1.2860510868404629,ADORA2A
SMOKE_CITALOPRAM_20,Citalopram,20,P34969,7.316113471984863,0.04829326054539155,0.023893112057594045,0.3056138080929043,HTR7
SMOKE_CITALOPRAM_20,Citalopram,20,P30411,4.952601432800293,11.153176299596527,0.023893112057594045,2.6691258472774746,BDKRB2
SMOKE_CITALOPRAM_20,Citalopram,20,P41594,7.334580421447754,0.04628279506454249,0.023893112057594045,0.28714685863001366,GRM5
SMOKE_CITALOPRAM_20,Citalopram,20,P50406,7.374312400817871,0.04223646856024214,0.023893112057594045,0.24741487925989647,HTR6
SMOKE_CITALOPRAM_20,Citalopram,20,P47898,5.747836112976074,1.7871618578415114,0.023893112057594045,1.8738911671016933,HTR5A
SMOKE_CITALOPRAM_20,Citalopram,20,P28564,6.167998313903809,0.6792062695488724,0.023893112057594045,1.453728966173959,HTR1B
SMOKE_CITALOPRAM_20,Citalopram,20,P43115,7.120893478393555,0.07570185500243844,0.023893112057594045,0.5008338016842129,PTGER3
SMOKE_CITALOPRAM_20,Citalopram,20,Q9H3N8,6.2899627685546875,0.5129053527495812,0.023893112057594045,1.33176451152308,HRH4
SMOKE_CITALOPRAM_20,Citalopram,20,Q9UKP6,5.972476005554199,1.0654277261277185,0.023893112057594045,1.6492512745235683,UTS2R
SMOKE_CITALOPRAM_20,Citalopram,20,Q01726,5.045029640197754,9.015096083071962,0.023893112057594045,2.5766976398800137,MC1R
SMOKE_CITALOPRAM_20,Citalopram,20,Q16602,5.597321510314941,2.5274262377724686,0.023893112057594045,2.024405769762826,CALCRL
SMOKE_CITALOPRAM_20,Citalopram,20,P41597,6.791555404663086,0.16160120519128468,0.023893112057594045,0.8301718754146816,CCR2
SMOKE_CITALOPRAM_20,Citalopram,20,P49146,5.618809700012207,2.4054165791598323,0.023893112057594045,2.0029175800655605,NPY2R
SMOKE_CITALOPRAM_20,Citalopram,20,P25024,5.466214179992676,3.41810830893156,0.023893112057594045,2.155513100085092,CXCR1
SMOKE_CITALOPRAM_20,Citalopram,20,P32247,7.684764862060547,0.020664987072758215,0.023893112057594045,-0.06303758198277931,BRS3
SMOKE_CITALOPRAM_20,Citalopram,20,P30989,5.826353073120117,1.4915812894203035,0.023893112057594045,1.7953742069576504,NTSR1
SMOKE_CITALOPRAM_20,Citalopram,20,P46663,5.697933197021484,2.0047803780499325,0.023893112057594045,1.9237940830562832,BDKRB1
SMOKE_CITALOPRAM_20,Citalopram,20,Q9NS75,4.55687141418457,27.74141350234336,0.023893112057594045,3.0648558658931973,CYSLTR2
SMOKE_CITALOPRAM_20,Citalopram,20,P29371,6.442533493041992,0.36096617459249086,0.023893112057594045,1.1791937870357754,TACR3
SMOKE_CITALOPRAM_20,Citalopram,20,P41587,4.949799537658691,11.225364769196442,0.023893112057594045,2.671927742419076,VIPR2
SMOKE_CITALOPRAM_20,Citalopram,20,P50052,5.370026588439941,4.265534034876704,0.023893112057594045,2.251700691637826,AGTR2
SMOKE_CITALOPRAM_20,Citalopram,20,P33032,5.276297569274902,5.293006541492087,0.023893112057594045,2.345429710802865,MC5R
SMOKE_CITALOPRAM_20,Citalopram,20,Q92847,5.492308616638184,3.2187806611233802,0.023893112057594045,2.129418663439584,GHSR
SMOKE_CITALOPRAM_20,Citalopram,20,P41968,5.464372634887695,3.4326329352234155,0.023893112057594045,2.1573546451900723,MC3R
SMOKE_CITALOPRAM_20,Citalopram,20,P25929,5.800596237182617,1.5827188063753321,0.023893112057594045,1.8211310428951504,NPY1R
SMOKE_CITALOPRAM_20,Citalopram,20,O43614,5.488934516906738,3.243885250918404,0.023893112057594045,2.1327927631710293,HCRTR2
SMOKE_CITALOPRAM_20,Citalopram,20,P49238,5.697384834289551,2.007313316480519,0.023893112057594045,1.9243424457882168,CX3CR1
SMOKE_CITALOPRAM_20,Citalopram,20,O43613,5.8038177490234375,1.5710219428367858,0.023893112057594045,1.81790953105433,HCRTR1
SMOKE_CITALOPRAM_20,Citalopram,20,P32241,5.580678939819336,2.626159262459135,0.023893112057594045,2.0410483402584316,VIPR1
SMOKE_CITALOPRAM_20,Citalopram,20,Q8TDU6,5.462743759155273,3.445531628015804,0.023893112057594045,2.158983520922494,GPBAR1
SMOKE_CITALOPRAM_20,Citalopram,20,P01275,5.204784393310547,6.240445672334224,0.023893112057594045,2.4169428867672207,GCG
SMOKE_CITALOPRAM_20,Citalopram,20,Q96LB1,6.815995216369629,0.15275828840370148,0.023893112057594045,0.8057320637081387,MRGPRX2
SMOKE_CITALOPRAM_20,Citalopram,20,Q61224,5.868939399719238,1.3522612409168429,0.023893112057594045,1.7527878803585293,HTR1D
SMOKE_CITALOPRAM_20,Citalopram,20,O75899,6.748229026794434,0.17855457124193883,0.023893112057594045,0.873498253283334,GABBR2
SMOKE_CITALOPRAM_20,Citalopram,20,P51787,5.121666431427002,7.556724141540174,0.023893112057594045,2.5000608486507656,KCNQ1
SMOKE_CITALOPRAM_20,Citalopram,20,P43681,6.233470439910889,0.584156966161957,0.023893112057594045,1.388256840166879,CHRNA4
SMOKE_CITALOPRAM_20,Citalopram,20,P46098,7.66191291809082,0.021781464763556097,0.023893112057594045,-0.04018563801305275,HTR3A
SMOKE_CITALOPRAM_20,Citalopram,20,Q13936,4.862026691436768,13.739575299434927,0.023893112057594045,2.759700588641,CACNA1C
SMOKE_CITALOPRAM_20,Citalopram,20,P14867,5.866219520568848,1.3607566940078197,0.023893112057594045,1.75550775950892,GABRA1
SMOKE_CITALOPRAM_20,Citalopram,20,Q14524,4.962490558624268,10.902081927859408,0.023893112057594045,2.6592367214535,SCN5A
SMOKE_CITALOPRAM_20,Citalopram,20,Q05586,4.435018062591553,36.726702530464074,0.023893112057594045,3.186709217486215,GRIN1
SMOKE_CITALOPRAM_20,Citalopram,20,Q92952,5.801882266998291,1.5780390027147575,0.023893112057594045,1.8198450130794765,KCNN1
SMOKE_CITALOPRAM_20,Citalopram,20,Q12809,5.620879650115967,2.393979074036623,0.023893112057594045,2.0008476299618008,KCNH2
SMOKE_CITALOPRAM_20,Citalopram,20,P56373,5.075994968414307,8.394697122688653,0.023893112057594045,2.545732311663461,P2RX3
SMOKE_CITALOPRAM_20,Citalopram,20,P07727,4.638332843780518,22.9967866553229,0.023893112057594045,2.98339443629725,GLRA1
SMOKE_CITALOPRAM_20,Citalopram,20,Q9UGI6,5.266083240509033,5.418970159374676,0.023893112057594045,2.3556440395687344,KCNN3
SMOKE_CITALOPRAM_20,Citalopram,20,P22002,4.95336389541626,11.133612570736311,0.023893112057594045,2.668363384661508,CACNA1C
SMOKE_CITALOPRAM_20,Citalopram,20,Q99250,4.943037509918213,11.401513086924238,0.023893112057594045,2.6786897701595547,SCN2A
SMOKE_CITALOPRAM_20,Citalopram,20,Q9H2S1,5.701578140258789,1.9880250836076734,0.023893112057594045,1.9201491398189785,KCNN2
SMOKE_CITALOPRAM_20,Citalopram,20,Q99572,5.608689308166504,2.4621283670598597,0.023893112057594045,2.0130379719112637,P2RX7
SMOKE_CITALOPRAM_20,Citalopram,20,P02708,4.944569110870361,11.361374855648664,0.023893112057594045,2.6771581692074062,CHRNA1
SMOKE_CITALOPRAM_20,Citalopram,20,Q02294,4.798437595367432,15.90605224611185,0.023893112057594045,2.823289684710336,CACNA1B
SMOKE_CITALOPRAM_20,Citalopram,20,P18507,5.2415080070495605,5.7344529388753225,0.023893112057594045,2.380219273028207,GABRG2
SMOKE_CITALOPRAM_20,Citalopram,20,P12821,6.435243129730225,0.3670767435326615,0.023893112057594045,1.186484150347543,ACE
SMOKE_CITALOPRAM_20,Citalopram,20,P21397,6.371955394744873,0.4246631777555066,0.023893112057594045,1.2497718853328945,MAOA
SMOKE_CITALOPRAM_20,Citalopram,20,P27338,6.979704856872559,0.10478404102690704,0.023893112057594045,0.642022423205209,MAOB
SMOKE_CITALOPRAM_20,Citalopram,20,P22303,6.0022430419921875,0.9948485195675121,0.023893112057594045,1.61948423808558,ACHE
SMOKE_CITALOPRAM_20,Citalopram,20,P23219,5.415366172790527,3.842676524516033,0.023893112057594045,2.20636110728724,PTGS1
SMOKE_CITALOPRAM_20,Citalopram,20,P35354,5.102169513702393,7.903700707577295,0.023893112057594045,2.519557766375375,PTGS2
SMOKE_CITALOPRAM_20,Citalopram,20,P42574,5.70656681060791,1.9653196182337334,0.023893112057594045,1.9151604694698574,CASP3
SMOKE_CITALOPRAM_20,Citalopram,20,Q14432,5.818225860595703,1.5197569544488427,0.023893112057594045,1.8035014194820644,PDE3A
SMOKE_CITALOPRAM_20,Citalopram,20,P07339,4.941350936889648,11.445876697977836,0.023893112057594045,2.680376343188119,CTSD
SMOKE_CITALOPRAM_20,Citalopram,20,O00408,6.785168170928955,0.16399546140930063,0.023893112057594045,0.8365591091488125,PDE2A
SMOKE_CITALOPRAM_20,Citalopram,20,Q08499,7.679696559906006,0.020907564251264055,0.023893112057594045,-0.057969279828238296,PDE4D
SMOKE_CITALOPRAM_20,Citalopram,20,Q13370,6.955207824707031,0.11086441642984975,0.023893112057594045,0.6665194553707363,PDE3B
SMOKE_CITALOPRAM_20,Citalopram,20,P14780,4.5897321701049805,25.719814376238393,0.023893112057594045,3.031995109972787,MMP9
SMOKE_CITALOPRAM_20,Citalopram,20,P03956,4.86627197265625,13.605923580052881,0.023893112057594045,2.7554553074215176,MMP1
SMOKE_CITALOPRAM_20,Citalopram,20,P08253,5.519092559814453,3.0262683803212114,0.023893112057594045,2.1026347202633144,MMP2
SMOKE_CITALOPRAM_20,Citalopram,20,Q9UDY8,6.361530303955078,0.4349804077545116,0.023893112057594045,1.2601969761226894,MALT1
SMOKE_CITALOPRAM_20,Citalopram,20,P80457,5.682705879211426,2.0763192039715377,0.023893112057594045,1.9390214008663418,XDH
SMOKE_CITALOPRAM_20,Citalopram,20,Q9BYF1,6.586143970489502,0.259331952302568,0.023893112057594045,1.0355833095882656,ACE2
SMOKE_CITALOPRAM_20,Citalopram,20,P08311,5.73286771774292,1.8498319756317176,0.023893112057594045,1.8888595623348476,CTSG
SMOKE_CITALOPRAM_20,Citalopram,20,P56817,5.27294397354126,5.334037031613208,0.023893112057594045,2.348783306536508,BACE1
SMOKE_CITALOPRAM_20,Citalopram,20,P00519,6.740983963012695,0.18155827047007228,0.023893112057594045,0.8807433170650723,ABL1
SMOKE_CITALOPRAM_20,Citalopram,20,P17948,5.2005743980407715,6.301233916800811,0.023893112057594045,2.421152882036996,FLT1
SMOKE_CITALOPRAM_20,Citalopram,20,P10721,5.696435928344727,2.0117039638769376,0.023893112057594045,1.925291351733041,KIT
SMOKE_CITALOPRAM_20,Citalopram,20,P06213,5.144220352172852,7.1743018944731185,0.023893112057594045,2.477506927904916,INSR
SMOKE_CITALOPRAM_20,Citalopram,20,P00533,5.320684432983398,4.778763820273648,0.023893112057594045,2.301042847094369,EGFR
SMOKE_CITALOPRAM_20,Citalopram,20,Q96GD4,5.887178421020508,1.2966464608207338,0.023893112057594045,1.7345488590572598,AURKB
SMOKE_CITALOPRAM_20,Citalopram,20,P06239,6.007181644439697,0.9835996274222945,0.023893112057594045,1.6145456356380703,LCK
SMOKE_CITALOPRAM_20,Citalopram,20,Q16539,6.948561668395996,0.11257406060610747,0.023893112057594045,0.6731656116817715,MAPK14
SMOKE_CITALOPRAM_20,Citalopram,20,P49841,5.829141616821289,1.4820347373703748,0.023893112057594045,1.7925856632564785,GSK3B
SMOKE_CITALOPRAM_20,Citalopram,20,P12931,5.890309810638428,1.287330886801703,0.023893112057594045,1.7314174694393398,SRC
SMOKE_CITALOPRAM_20,Citalopram,20,Q05397,5.299840927124023,5.01370841526072,0.023893112057594045,2.321886352953744,PTK2
SMOKE_CITALOPRAM_20,Citalopram,20,P35968,4.679738998413086,20.905521299995115,0.023893112057594045,2.9419882816646816,KDR
SMOKE_CITALOPRAM_20,Citalopram,20,P43403,5.9128522872924805,1.2222152906611912,0.023893112057594045,1.708874992785287,ZAP70
SMOKE_CITALOPRAM_20,Citalopram,20,P04629,6.965088844299316,0.10837051960817051,0.023893112057594045,0.6566384357784512,NTRK1
SMOKE_CITALOPRAM_20,Citalopram,20,P49840,5.801762580871582,1.5784739504548542,0.023893112057594045,1.8199646992061855,GSK3A
SMOKE_CITALOPRAM_20,Citalopram,20,O75116,5.179285049438477,6.617820001192443,0.023893112057594045,2.442442230639291,ROCK2
SMOKE_CITALOPRAM_20,Citalopram,20,P17252,4.732234954833984,18.52529127523753,0.023893112057594045,2.889492325243783,PRKCA
SMOKE_CITALOPRAM_20,Citalopram,20,P24941,6.68015193939209,0.20885653113896593,0.023893112057594045,0.9415753406856777,CDK2
SMOKE_CITALOPRAM_20,Citalopram,20,Q13464,4.963120937347412,10.88626902783909,0.023893112057594045,2.6586063427303555,ROCK1
SMOKE_CITALOPRAM_20,Citalopram,20,P48736,4.741847038269043,18.119781723684664,0.023893112057594045,2.8798802418087246,PIK3CG
SMOKE_CITALOPRAM_20,Citalopram,20,O14733,5.760180473327637,1.7370788266152846,0.023893112057594045,1.8615468067501308,MAP2K7
SMOKE_CITALOPRAM_20,Citalopram,20,Q13315,4.9390692710876465,11.506168479584993,0.023893112057594045,2.682658008990121,ATM
SMOKE_CITALOPRAM_20,Citalopram,20,P07948,5.856614589691162,1.3911866783110287,0.023893112057594045,1.7651126903866055,LYN
SMOKE_CITALOPRAM_20,Citalopram,20,P28482,6.412915229797363,0.38644239961869054,0.023893112057594045,1.2088120502804043,MAPK1
SMOKE_CITALOPRAM_20,Citalopram,20,Q9UQM7,5.887146472930908,1.2967418497855132,0.023893112057594045,1.7345808071468594,CAMK2A
SMOKE_CITALOPRAM_20,Citalopram,20,O14965,6.5939621925354,0.2547051976300108,0.023893112057594045,1.0277650875423672,AURKA
SMOKE_CITALOPRAM_20,Citalopram,20,Q15118,6.279819488525391,0.5250256381519273,0.023893112057594045,1.341907791552377,PDK1
SMOKE_CITALOPRAM_20,Citalopram,20,Q8TDR2,5.934785842895508,1.1620214827563808,0.023893112057594045,1.6869414371822598,STK35
SMOKE_CITALOPRAM_20,Citalopram,20,P10275,7.541281223297119,0.028755357856500772,0.023893112057594045,0.08044605678064842,AR
SMOKE_CITALOPRAM_20,Citalopram,20,P04150,6.03179407119751,0.9294069779114691,0.023893112057594045,1.5899332088802578,NR3C1
SMOKE_CITALOPRAM_20,Citalopram,20,P10276,6.828917026519775,0.1482801352471721,0.023893112057594045,0.7928102535579922,RARA
SMOKE_CITALOPRAM_20,Citalopram,20,P03372,6.500944137573242,0.3155410471382425,0.023893112057594045,1.1207831425045254,ESR1
SMOKE_CITALOPRAM_20,Citalopram,20,P19793,5.9858717918396,1.0330663324679703,0.023893112057594045,1.635855488238168,RXRA
SMOKE_CITALOPRAM_20,Citalopram,20,P06401,6.993220806121826,0.1015732138072124,0.023893112057594045,0.6285064739559414,PGR
SMOKE_CITALOPRAM_20,Citalopram,20,P37231,6.401854991912842,0.39641037099131704,0.023893112057594045,1.2198722881649258,PPARG
SMOKE_CITALOPRAM_20,Citalopram,20,Q92731,8.41850757598877,0.0038149813923096768,0.023893112057594045,-0.796780295911002,ESR2
SMOKE_CITALOPRAM_20,Citalopram,20,P55055,6.714035987854004,0.19318082309094267,0.023893112057594045,0.9076912922237637,NR1H2
SMOKE_CITALOPRAM_20,Citalopram,20,P30531,5.656961441040039,2.203122059193314,0.023893112057594045,1.9647658390377285,SLC6A1
SMOKE_CITALOPRAM_20,Citalopram,20,P23975,7.038789749145508,0.09145558895533976,0.023893112057594045,0.5829375309322598,SLC6A2
SMOKE_CITALOPRAM_20,Citalopram,20,P31645,6.279241561889648,0.5257247681005933,0.023893112057594045,1.3424857181881191,SLC6A4
SMOKE_CITALOPRAM_20,Citalopram,20,Q01959,6.0683183670043945,0.8544401212883203,0.023893112057594045,1.553408913073373,SLC6A3
SMOKE_CITALOPRAM_20,Citalopram,20,P31652,6.020524978637695,0.9538388808020787,0.023893112057594045,1.6012023014400723,SLC6A4
SMOKE_CITALOPRAM_20,Citalopram,20,P23977,6.253060340881348,0.5583926062704134,0.023893112057594045,1.36866693919642,SLC6A3
SMOKE_CITALOPRAM_20,Citalopram,20,Q9GZV3,5.447739601135254,3.566649222417861,0.023893112057594045,2.1739876789425137,SLC5A7
SMOKE_CITALOPRAM_20,Citalopram,20,P28572,6.7064409255981445,0.1965889370209705,0.023893112057594045,0.915286354479623,SLC6A9
SMOKE_CITALOPRAM_20,Citalopram,20,P30536,4.956390380859375,11.056295032335479,0.023893112057594045,2.6653368992183926,TSPO
SMOKE_CITALOPRAM_20,Citalopram,20,P01375,5.5473103523254395,2.835891740087047,0.023893112057594045,2.074416927752328,TNF
SMOKE_CITALOPRAM_20,Citalopram,20,Q99720,8.218666076660156,0.006044131761375888,0.023893112057594045,-0.5969387965823887,SIGMAR1
