target_index,uniprot_accession,activity_feature,interaction_feature
1,P35414,P35414,P35414*Cmax
2,P24530,P24530,P24530*Cmax
3,P30518,P30518,P30518*Cmax
4,P35346,P35346,P35346*Cmax
5,Q9Y271,Q9Y271,Q9Y271*Cmax
6,P34998,P34998,P34998*Cmax
7,P30874,P30874,P30874*Cmax
8,P34995,P34995,P34995*Cmax
9,P08173,P08173,P08173*Cmax
10,P30988,P30988,P30988*Cmax
11,P41595,P41595,P41595*Cmax
12,P35408,P35408,P35408*Cmax
13,P21918,P21918,P21918*Cmax
14,P31391,P31391,P31391*Cmax
15,P30968,P30968,P30968*Cmax
16,P08913,P08913,P08913*Cmax
17,Q13639,Q13639,Q13639*Cmax
18,P43116,P43116,P43116*Cmax
19,P37288,P37288,P37288*Cmax
20,P28222,P28222,P28222*Cmax
21,P32238,P32238,P32238*Cmax
22,P18825,P18825,P18825*Cmax
23,P30872,P30872,P30872*Cmax
24,P47901,P47901,P47901*Cmax
25,P25021,P25021,P25021*Cmax
26,P18089,P18089,P18089*Cmax
27,P48039,P48039,P48039*Cmax
28,P49286,P49286,P49286*Cmax
29,P43088,P43088,P43088*Cmax
30,P41146,P41146,P41146*Cmax
31,P32745,P32745,P32745*Cmax
32,P08912,P08912,P08912*Cmax
33,P21728,P21728,P21728*Cmax
34,Q9UBS5,Q9UBS5,Q9UBS5*Cmax
35,P07550,P07550,P07550*Cmax
36,P61073,P61073,P61073*Cmax
37,P08172,P08172,P08172*Cmax
38,P08588,P08588,P08588*Cmax
39,P08908,P08908,P08908*Cmax
40,P11229,P11229,P11229*Cmax
41,P14416,P14416,P14416*Cmax
42,P21554,P21554,P21554*Cmax
43,P21917,P21917,P21917*Cmax
44,O43193,O43193,O43193*Cmax
45,P25100,P25100,P25100*Cmax
46,P28223,P28223,P28223*Cmax
47,P28335,P28335,P28335*Cmax
48,P30542,P30542,P30542*Cmax
49,P30556,P30556,P30556*Cmax
50,P35348,P35348,P35348*Cmax
51,P35367,P35367,P35367*Cmax
52,P35368,P35368,P35368*Cmax
53,P21452,P21452,P21452*Cmax
54,P35372,P35372,P35372*Cmax
55,P35462,P35462,P35462*Cmax
56,P41143,P41143,P41143*Cmax
57,P41145,P41145,P41145*Cmax
58,P32246,P32246,P32246*Cmax
59,P25025,P25025,P25025*Cmax
60,P20309,P20309,P20309*Cmax
61,P13945,P13945,P13945*Cmax
62,P25103,P25103,P25103*Cmax
63,P25105,P25105,P25105*Cmax
64,P29274,P29274,P29274*Cmax
65,P25101,P25101,P25101*Cmax
66,P34972,P34972,P34972*Cmax
67,P29275,P29275,P29275*Cmax
68,P0DMS8,P0DMS8,P0DMS8*Cmax
69,P32245,P32245,P32245*Cmax
70,Q9Y5N1,Q9Y5N1,Q9Y5N1*Cmax
71,P51681,P51681,P51681*Cmax
72,P32239,P32239,P32239*Cmax
73,P30543,P30543,P30543*Cmax
74,P34969,P34969,P34969*Cmax
75,P30411,P30411,P30411*Cmax
76,P41594,P41594,P41594*Cmax
77,P50406,P50406,P50406*Cmax
78,P47898,P47898,P47898*Cmax
79,P28564,P28564,P28564*Cmax
80,P43115,P43115,P43115*Cmax
81,Q9H3N8,Q9H3N8,Q9H3N8*Cmax
82,Q9UKP6,Q9UKP6,Q9UKP6*Cmax
83,Q01726,Q01726,Q01726*Cmax
84,Q16602,Q16602,Q16602*Cmax
85,P41597,P41597,P41597*Cmax
86,P49146,P49146,P49146*Cmax
87,P25024,P25024,P25024*Cmax
88,P32247,P32247,P32247*Cmax
89,P30989,P30989,P30989*Cmax
90,P46663,P46663,P46663*Cmax
91,Q9NS75,Q9NS75,Q9NS75*Cmax
92,P29371,P29371,P29371*Cmax
93,P41587,P41587,P41587*Cmax
94,P50052,P50052,P50052*Cmax
95,P33032,P33032,P33032*Cmax
96,Q92847,Q92847,Q92847*Cmax
97,P41968,P41968,P41968*Cmax
98,P25929,P25929,P25929*Cmax
99,O43614,O43614,O43614*Cmax
100,P49238,P49238,P49238*Cmax
101,O43613,O43613,O43613*Cmax
102,P32241,P32241,P32241*Cmax
103,Q8TDU6,Q8TDU6,Q8TDU6*Cmax
104,P01275,P01275,P01275*Cmax
105,Q96LB1,Q96LB1,Q96LB1*Cmax
106,Q61224,Q61224,Q61224*Cmax
107,O75899,O75899,O75899*Cmax
108,P51787,P51787,P51787*Cmax
109,P43681,P43681,P43681*Cmax
110,P46098,P46098,P46098*Cmax
111,Q13936,Q13936,Q13936*Cmax
112,P14867,P14867,P14867*Cmax
113,Q14524,Q14524,Q14524*Cmax
114,Q05586,Q05586,Q05586*Cmax
115,Q92952,Q92952,Q92952*Cmax
116,Q12809,Q12809,Q12809*Cmax
117,P56373,P56373,P56373*Cmax
118,P07727,P07727,P07727*Cmax
119,Q9UGI6,Q9UGI6,Q9UGI6*Cmax
120,P22002,P22002,P22002*Cmax
121,Q99250,Q99250,Q99250*Cmax
122,Q9H2S1,Q9H2S1,Q9H2S1*Cmax
123,Q99572,Q99572,Q99572*Cmax
124,P02708,P02708,P02708*Cmax
125,Q02294,Q02294,Q02294*Cmax
126,P18507,P18507,P18507*Cmax
127,P12821,P12821,P12821*Cmax
128,P21397,P21397,P21397*Cmax
129,P27338,P27338,P27338*Cmax
130,P22303,P22303,P22303*Cmax
131,P23219,P23219,P23219*Cmax
132,P35354,P35354,P35354*Cmax
133,P42574,P42574,P42574*Cmax
134,Q14432,Q14432,Q14432*Cmax
135,P07339,P07339,P07339*Cmax
136,O00408,O00408,O00408*Cmax
137,Q08499,Q08499,Q08499*Cmax
138,Q13370,Q13370,Q13370*Cmax
139,P14780,P14780,P14780*Cmax
140,P03956,P03956,P03956*Cmax
141,P08253,P08253,P08253*Cmax
142,Q9UDY8,Q9UDY8,Q9UDY8*Cmax
143,P80457,P80457,P80457*Cmax
144,Q9BYF1,Q9BYF1,Q9BYF1*Cmax
145,P08311,P08311,P08311*Cmax
146,P56817,P56817,P56817*Cmax
147,P00519,P00519,P00519*Cmax
148,P17948,P17948,P17948*Cmax
149,P10721,P10721,P10721*Cmax
150,P06213,P06213,P06213*Cmax
151,P00533,P00533,P00533*Cmax
152,Q96GD4,Q96GD4,Q96GD4*Cmax
153,P06239,P06239,P06239*Cmax
154,Q16539,Q16539,Q16539*Cmax
155,P49841,P49841,P49841*Cmax
156,P12931,P12931,P12931*Cmax
157,Q05397,Q05397,Q05397*Cmax
158,P35968,P35968,P35968*Cmax
159,P43403,P43403,P43403*Cmax
160,P04629,P04629,P04629*Cmax
161,P49840,P49840,P49840*Cmax
162,O75116,O75116,O75116*Cmax
163,P17252,P17252,P17252*Cmax
164,P24941,P24941,P24941*Cmax
165,Q13464,Q13464,Q13464*Cmax
166,P48736,P48736,P48736*Cmax
167,O14733,O14733,O14733*Cmax
168,Q13315,Q13315,Q13315*Cmax
169,P07948,P07948,P07948*Cmax
170,P28482,P28482,P28482*Cmax
171,Q9UQM7,Q9UQM7,Q9UQM7*Cmax
172,O14965,O14965,O14965*Cmax
173,Q15118,Q15118,Q15118*Cmax
174,Q8TDR2,Q8TDR2,Q8TDR2*Cmax
175,P10275,P10275,P10275*Cmax
176,P04150,P04150,P04150*Cmax
177,P10276,P10276,P10276*Cmax
178,P03372,P03372,P03372*Cmax
179,P19793,P19793,P19793*Cmax
180,P06401,P06401,P06401*Cmax
181,P37231,P37231,P37231*Cmax
182,Q92731,Q92731,Q92731*Cmax
183,P55055,P55055,P55055*Cmax
184,P30531,P30531,P30531*Cmax
185,P23975,P23975,P23975*Cmax
186,P31645,P31645,P31645*Cmax
187,Q01959,Q01959,Q01959*Cmax
188,P31652,P31652,P31652*Cmax
189,P23977,P23977,P23977*Cmax
190,Q9GZV3,Q9GZV3,Q9GZV3*Cmax
191,P28572,P28572,P28572*Cmax
192,P30536,P30536,P30536*Cmax
193,P01375,P01375,P01375*Cmax
194,Q99720,Q99720,Q99720*Cmax
