"path","bytes","sha256"
".gitignore","90","d6f7943d3cf02f492d0d8a8b8cb63db917e9be9b813bc2095614fc7ef4c7aa77"
"CITATION.cff","328","cd8b4bb52b67610b3b02094bea78a9d1082035e64a10a2617c3345940b20e992"
"LICENSE_PENDING.md","269","fa78294ccf2cd4a6330de2888757da224a51bd2cc71bb2e55d1faeac468a2f51"
"README.md","4376","99f1ee68c8d165bf388fb6105a99adb04ca4328ea28a80380f69264371323aad"
"RELEASE_BLOCKERS.md","603","70ef1c2cc9548c2117c9fa4a3902bb5e47ee4b845a9a6e673b1b327abe05a22c"
"configs/dose_exponet.yaml","458","b9dabdfe9f8cd2129cbdea17729a2123a0538034358bc5a9bb795374097aba3c"
"configs/dotsafenet_base.yaml","699","bc8d5312e319c198b1cc44977faed70505a799527c9bda6454e23efcd5d4f172"
"configs/dotsafenet_clinical_finetune.yaml","440","35f817f5fccddc02430a00f9a144f7d7ea7c874a184419ed43e8b6537f25ae12"
"configs/ot_profilenet.yaml","720","2ec3108035a3c3a2c41e47b5f83e74aaf8e81e4e9e1973e14ef398331a98a576"
"configs/pipeline.yaml","625","e24272cdde31c8694ccd1c8bac0d70fb9664213d41389b68559840760e46fde6"
"configs/plasmabindnet_fu.yaml","730","bbc077491499ae115e52030fdb45a03f349df1d756afe7c45a7b8ae0ca2d0c0c"
"configs/run_records/dose_exponet_seed2023_config.json","764","dc5ed6ec25cc9cb82f2e4e37b1bc2acabdb9ddd6126259493f4a41c61fb6c2e1"
"configs/run_records/dose_exponet_seed2023_model_params.txt","634","3c95d00e34aae63e3424077896b19007219dbd337b2585dc5c7e7e7602b210a6"
"configs/run_records/dotsafenet_base_training_metadata.json","8091","65a4587699e0ab79d6b934ea5f1f90142e373884d03271b08a0386d2ccb50b9e"
"configs/run_records/dotsafenet_clinical_training_metadata.json","1252","0bad3780555c7ee592d26a9c1a541280e73fdc2cc65678106444eb1636e19f49"
"configs/run_records/plasmabindnet_fu_seed2044_metadata.json","1354","75c9e1423350b91cfd21ab92d89014eaf67e812e67ebdbd2124e25fa8a50eef1"
"configs/safety_profiler.yaml","623","9f36f038a752a4b0630c0dd3d750463b05be6193b4bc4733d75d231caa7dd21c"
"data/dotsafenet_test/test_X.csv","6959236","a08a3a47e1e58ef45077c33eb16549ef6ef081b16398b5859d94aad6d8b89f6c"
"data/dotsafenet_test/test_y.csv","97763","616e384b5eeca19c060f504e8f0db4d865aab8dca635729115b333ecbba7b65e"
"data/examples/paper_case_attribution_reference.csv.gz","22983","a9b84aa017fdd32206073e9762d0b257a6e89c44137655d0cdc16e5e1c5adbe2"
"data/examples/paper_case_exposure_reference.csv","720","0f72ee17596c58c08f083ebe46cfb41cea8c04bb9a79b486ada3ee53a484b6f9"
"data/examples/paper_case_inputs.csv","485","f51ca4e37fb3cb18bc92f8fe57fc3b99fc48f2b747bce57cf6b6cb1e20f085e7"
"data/examples/paper_case_margin_reference.csv.gz","27152","008c5943ce3608b892533930bdc37410dbb6b72d0ee9a30eba61d0904acc434c"
"data/examples/paper_case_soc_reference.csv","13982","dcf57fa5326b6e3a1db5fa86d1dec70be6c34c27882f2a0de61139bf0026adbd"
"data/manifests/build_metadata.json","328","d2976babb786c528d663526e7758d7b0ef180d89901c13962832af8f7281ad5f"
"data/manifests/data_manifest.csv","1935","c22302e0514cb2e6707bed5a27e973471dbf649aeda75ffdf71de9f9b6fc1ec5"
"data/manifests/figure_manifest.csv","2723","9d4c54512a9a621c1e870582f7f74d7748b59519f17813e9d9979e408a75fd2a"
"data/manifests/final_figure_files.csv","2044","1cf76c2ffe984d550c0e5621a53d6a18204674b02a213feda6920215294a63b6"
"data/manifests/inference_assets_manifest.csv","802","c5b65e922752eff391d05cb18a270176eb35fbc6d4aaa1999635047584adec3a"
"data/manifests/model_lineage.csv","398","392e6700692fa790136b507e1395cf059872a7853f0b06534b9e19e93ac4ab3b"
"data/manifests/soc_order.csv","693","414759ec525da5257aa4f6905f3a1f5c130527cac02c7bd2b444d0941e6f6ba5"
"data/manifests/target_order.csv","5978","ce009d4302059bc4e1c2416186725e5d493187cb88aeb8757363d6ba141e3a50"
"data/manuscript_tables/supplementary_table_4_external_ppb_predictions.csv","2335","cfa2a5e5efb71c26edd5d93e91bfd96a3b1e1a91d1f2e571188ee53cb838d878"
"data/reference/soc_background_quantiles.csv.gz","47574","7f61cb2d19cfa5568f17c9075e30639e0bdf41e01e99559d440c97a4a3668d8c"
"data/reference/soc_target_evidence_matrix.csv","8442","e10c39f1ddf1d90bf6588b01c41c48e8598d5a580e9260fd743bb1633fd46b73"
"data/reference/target_feature_reference.csv","12668","29fb80156129043ebfa559c25ff8cb1d1608e78f60d1df58bd886e7bb08207b5"
"data/reference/target_gene_map.csv","2733","2053715ffe5c74b49ebc97db99ff2a7a82434dd8861f6b81e61ad25c63e7d843"
"dist/SHA256SUMS.txt","209","88c03bb742437507a33e9687866e214995b8c9e48e81329b54a987f90ee6a0ba"
"dist/dotsafenet-paper-reproducer.skill.zip","5454","669ddcee9a5fd6a1ac612c2ca280bdfdffb9af65b170c19a9b66957dbbfb3f53"
"dist/dotsafenet-safety-profiler.skill.zip","5783","5791c795e3990c6580a2e2fc5100658559fec5cbbcc2d6267d8647b82d442789"
"docs/changelog/changelog_publication_release.md","2091","f92de354d53343e4606c4da851ff24643219bedfb1ac11b74c97e50a6cb23d70"
"docs/data_dictionary/data_dictionary_release_tables_v1_20260805.md","837","09a2790333aa50aa468935b8c48885d7ab1616732a24a9cae565fe529933d41a"
"docs/index.md","578","c867633f96682282c84d201788efc4e06bbbf358aa30bf8da0591f470edf6fec"
"docs/methods/method_model_lineage_and_data_contracts_v1_20260805.md","1388","def78677b4e2d7dbd9a601167ee7a08bccc172201eae03fdb3ecdac591bb31a3"
"docs/qc/figure_render_report_20260817.json","2162","c089b12c0b24490f8b226c4de455cdc04f5be4eb55589dce5b11d630300e1d83"
"docs/qc/profiler_full_smoke/README.md","1043","9af7340cfcdb305a73c8ca64f2683716c62a416484dba385cd60bd2dab2cb2d3"
"docs/qc/profiler_full_smoke/adr_predictions.csv","3699","0ade546082f5ca25118bec722598379125f4b799f7088b2d61313ee00d9b5898"
"docs/qc/profiler_full_smoke/dotsafenet_features.csv","11393","8e2131e4a130539abcafefee5005159357a7af0eb24370728b87b97c1f98f216"
"docs/qc/profiler_full_smoke/exposure_predictions.csv","637","16e50711fecc5a9f2e2c8ef76f5ed64aab2f02fee8af1f77656555e5cecf2a5a"
"docs/qc/profiler_full_smoke/report.json","1269381","4a192691fb8cdffcea68aaaeac1308899c6db48ed45f34c05bb6d96d3f804ca8"
"docs/qc/profiler_full_smoke/target_attribution.csv","336253","8166506f049c9803b6c93f72503297aa6bd55b183ae31bbd69a6da3cfca2abde"
"docs/qc/profiler_full_smoke/target_margins.csv","24142","6e07ac2e8b94a3a9598e715cd462fd8ce048527f393a951e0f290cb4ab1bc302"
"docs/qc/qc_publication_release_v1_20260805.md","2108","b0613d352c2ad38feb14298c6ee21b3957eee6e45c1cc9be6493e943194c54c7"
"docs/qc/qc_publication_release_v2_20260817.md","2005","54b9f2473531b0b00c4eac41794423b00c06f819ca2f977a6dbc5d06dbb504c9"
"docs/qc/qc_safety_profiler_20260818.md","2705","604ef92515af0344fca1250445087e58c128c8b2d66a15deb341c4cd20997b52"
"docs/qc/release_validation_20260817.json","189","8cf37879d493062e63dc140a6509a2b66c6aaf8fe2ad9421896659eccaaf6acb"
"docs/qc/release_validation_20260818.json","322","af07f938546942d2c136fb584a20953aa35b2970548d48cd7f934c525d6f346a"
"docs/qc/release_validation_20260818_final.json","323","d064f4c8ae8ab1900eb0429a2f58f3f35e4186d3360178fe023a55d95b3558ce"
"docs/qc/reproduced_metrics/clinical_57_metrics_recalculated.csv","593","3b55f713c3b3271efe4f56be203601a911b07ccd2f00f4b7e9984f678b01ca37"
"docs/qc/reproduced_metrics/metrics_summary.json","831","7d64cd00beac728a5504a1fa4585121a755d6123151eacb28e2e2a29472947e1"
"docs/qc/reproduced_metrics/per_soc_auroc_recalculated.csv","1140","48825d8005665beabb0c8e6c92caab86cd28bbc9eddc958949057a37ae2a20d0"
"docs/reproducibility_matrix.md","1586","8d2cf6270b9657cb91428ab926116f9a33297a947afe423a57fd6eeec950b6f7"
"docs/sop/sop_model_training_and_inference_v1_20260805.md","1361","5fcca072c8d27df734150ef5169ce5d0c699d9c61977d4d04b710ada75485ca9"
"figures/exposure_aware/MIGRATION_STATUS.md","787","256d437a3f94a527812a09d1ecc033566f85cd8d70a1e688654128190e547fae"
"figures/exposure_aware/PLOTTING_STANDARD.md","2292","c34c8b0b000b1bf8d955de78f635921a32ebb6277e31fa0a99d891ee6f23f60a"
"figures/exposure_aware/QA_REPORT.md","1683","e4903662f6557ce77927561679ae8b0c9ef6545b0681862ecd2df09598787fa6"
"figures/exposure_aware/README.md","391","03fa8cc32b84d9e118d329646f50bbcf82b7c2b89f2907798380a4e9cde87f5a"
"figures/exposure_aware/figure_1/FIGURE_GUIDE.md","827","a3b7b3d3a7aa5a1cd6e2f00d62597241343ef07852caf175ce9e13047228847c"
"figures/exposure_aware/figure_1/assets/figure1_framework_reference.png","293728","6fa1e700b34bcf9ce6c7302353f45fec3797342befb4f8446afd12556ca7b627"
"figures/exposure_aware/figure_1/assets/figure5_case_reference.png","76963","cf6e7d1448d4a1ef0968a01cfcefa118901fc5cfcd49a23e926047b722568cd7"
"figures/exposure_aware/figure_1/outputs/QA_REPORT.md","444","937dfffa6593689948735c1e35c982b25b5d22d4e361fe54724cdc8fc9b6b899"
"figures/exposure_aware/figure_1/outputs/figure1_adr_output_schematic.pdf","42406","f46f3345e15d1446ac74423c0727a2155e7b6ee034815a296ecf08cffdae94ec"
"figures/exposure_aware/figure_1/outputs/figure1_adr_output_schematic.png","87082","9543038bbf5ebaf0e84ac415acba1d29637285f7b71ba8b334f36a86235bbf19"
"figures/exposure_aware/figure_1/outputs/figure1_adr_output_schematic.svg","14587","50bce035b9aa892fefdbe6ef0ceb0f00ff3626fecf654ad80b78752204000d77"
"figures/exposure_aware/figure_1/outputs/figure1_framework_with_adr_output_preview.png","305495","d31bd16351d9c6f195c23c32d530c9328d84de3410a27d271a19d5d55182d814"
"figures/exposure_aware/figure_1/params.yaml","265","f24eedf01e18a848d48bc10f81a63d828197b3a7ba95b94280fcecb5bc97cc0d"
"figures/exposure_aware/figure_1/run.py","301","e97534393a6703bb843325d891056a284c6f333fd1e90bb8cbf3959bbab2da83"
"figures/exposure_aware/figure_1/scripts/render_adr_output_schematic.py","8867","76285fc3d233d284e57f8de71ea0c602c8bdca6e7aaf32a387b2aff1e478ef6b"
"figures/exposure_aware/figure_3/FIGURE_GUIDE.md","1739","328220c54cf68925e9f8096a8315ce7804285eb7a9b2686e54996d032cb8b117"
"figures/exposure_aware/figure_3/data/cmax_case_ppb_summary.csv","576","abbb790bc4948141584d55a289788a69f1a3b41831afe499cca0285402f6d191"
"figures/exposure_aware/figure_3/data/cmax_case_predictions.csv","16909","5977352b6b68e10881db1461cbd81780f2055e3ec7835548b2a379bcccc4ebae"
"figures/exposure_aware/figure_3/data/external_ppb_metrics.csv","1781","b2da9a30696db13e372023ac3ec27ebd3d0b1b62976373a64ea633d54c9fd34e"
"figures/exposure_aware/figure_3/data/external_ppb_predictions.csv","23062","32720f01c74d89f878e7aba4b329a50919aa380c7fb6ea556af317ad85fb8473"
"figures/exposure_aware/figure_3/data/ppb_bin_metrics.csv","4507","8de2c0497cc0aac0106e10c85f849b833da29389963c7f7a2e98a3ac2055b9d3"
"figures/exposure_aware/figure_3/data/ppb_bin_paired.csv","1530","96a7c4d2602cd6c22a67c14d4ffa7aa6b65458cedcfda764695e133890111369"
"figures/exposure_aware/figure_3/data/ppb_model_metrics.csv","1070","3e53d22fcf5789a8b458ac87a69ed4606c4bae65275a7c7c1fe635242fa12b82"
"figures/exposure_aware/figure_3/data/ppb_random_split/test.csv","59418","956d2e6f2ad23e8e177f03b510a26308faea917722abcf56f6ca946b6783f8c4"
"figures/exposure_aware/figure_3/data/ppb_random_split/train.csv","479527","85d2f0fcc33b47e3ce6bf468ee622426c4912c96b20779e28e0ea8af868d2c4d"
"figures/exposure_aware/figure_3/data/ppb_random_split/valid.csv","59964","26f752ae96499c5f1b793f978037bc8ece567237b8a7844f1a870fecf191753b"
"figures/exposure_aware/figure_3/data/ppb_test_predictions.csv","280020","356119df8f650f349f1c2f75c2b2523a79efa0c24343519d9a7c4bbb5e816a76"
"figures/exposure_aware/figure_3/outputs/figure_3.pdf","578037","552747d6f9081c281cc8f12affa18de20675defe7ed025023c359d2500bf3812"
"figures/exposure_aware/figure_3/outputs/figure_3.png","640935","72f8df8f527e09d993a51d73902f89345a3799ad1d47aaaa4fb905e8ace802cf"
"figures/exposure_aware/figure_3/outputs/legends/figure_3c_legend.pdf","16163","983626d49ccf76cac6456737a1089c8e0df7c0f792dce05666ff376daa5a316c"
"figures/exposure_aware/figure_3/outputs/legends/figure_3c_legend.png","6405","2ff7bd469c515d5d9f7a7f059c70fce2f204946cbf6fea92e3aa58fdd74c26d0"
"figures/exposure_aware/figure_3/outputs/legends/figure_3c_legend.svg","1898","f5e75ef85bdd2838a10e7e76125ec7264d5bebf6ec7f21ef72435480e9aa112a"
"figures/exposure_aware/figure_3/outputs/legends/figure_3f_legend.pdf","20382","fb76e44e352a9a5079e6d182f1a379074ffb13c49f3a8639c5d9ea2ed95a01e0"
"figures/exposure_aware/figure_3/outputs/legends/figure_3f_legend.png","20182","81ee5f9e6d2f13244bd9b8c83d9ee228de2edc607afd46aa86ca950e4472b4c7"
"figures/exposure_aware/figure_3/outputs/legends/figure_3f_legend.svg","3877","0092be851304f329f04c8042d9580abbdc96e7e09c32431e2b22ad750cbf6cac"
"figures/exposure_aware/figure_3/outputs/legends/figure_3h_i_legend.pdf","18324","04a83876b159ddfdcfebde2f9dec49f5fff4a5a4345ff04c0842a1727511a1fc"
"figures/exposure_aware/figure_3/outputs/legends/figure_3h_i_legend.png","18648","97666006b2a347195c7e64b144f0de4d56eb2e86c64b21231ce9be7b8c64600d"
"figures/exposure_aware/figure_3/outputs/legends/figure_3h_i_legend.svg","3236","6b3ab5dac7cdec4e749f9ad733078a1fe7525686e65a72268176fa789e362209"
"figures/exposure_aware/figure_3/outputs/panels/figure_3a_ppb_distribution.pdf","21904","9f33ef4952e679285ca922d339db5c56e46b928951b6d27beb6ee6276126bd44"
"figures/exposure_aware/figure_3/outputs/panels/figure_3a_ppb_distribution.png","31091","d7312530176ed023a07716ac13a04fa8c3c806d145a5ab99ebdce83cf27012e3"
"figures/exposure_aware/figure_3/outputs/panels/figure_3a_ppb_distribution.svg","9551","37a39437ba4ac6f43e6ab782f8145cad6e2ecb029d7c94875ed22866ecdaec4d"
"figures/exposure_aware/figure_3/outputs/panels/figure_3b_unbound_fraction_log10_distribution.pdf","29565","d58d10f6ddd85619c46baded600eecd3307fe67936e9eafa976570566af87f6a"
"figures/exposure_aware/figure_3/outputs/panels/figure_3b_unbound_fraction_log10_distribution.png","29642","0b050745deb0c80dccb3bc1e092696ee6ee0c2f3d18c9508ced7b49c575675fd"
"figures/exposure_aware/figure_3/outputs/panels/figure_3b_unbound_fraction_log10_distribution.svg","9930","c13209703b50d6e4602059f124df5a87b1788a5e9fa8f6c41133c60c41ca96bc"
"figures/exposure_aware/figure_3/outputs/panels/figure_3c_ppb_interval_mae.pdf","26038","c4e80b5ccd8bef67ccac7ebcac68074c7b947cebbb3ea075a1320d43623d493a"
"figures/exposure_aware/figure_3/outputs/panels/figure_3c_ppb_interval_mae.png","43464","b82b5351970308dd3517be6ec065727330bde544e4653a09e5cc8954079d86a3"
"figures/exposure_aware/figure_3/outputs/panels/figure_3c_ppb_interval_mae.svg","8635","9dca0eb1a00d6701fd851d2f08f4fed67657592daadc921aa38fe6d039ea898e"
"figures/exposure_aware/figure_3/outputs/panels/figure_3d_ppb_model_comparison.pdf","25852","22ec68a51eb2973c5e2cbf7292dfdfe7afbf2f56402bb0dd9b395b416f1c0700"
"figures/exposure_aware/figure_3/outputs/panels/figure_3d_ppb_model_comparison.png","61237","f51acaf3ff696eab630ceb6f9b96685b265358a0b85d51c336e8ff8c97a08ad8"
"figures/exposure_aware/figure_3/outputs/panels/figure_3d_ppb_model_comparison.svg","11859","73fc6f5a752425e53e72aa762aa5fee28e973b22ce2f1cf6fca61d1cc95e0b2c"
"figures/exposure_aware/figure_3/outputs/panels/figure_3e_external_pcc.pdf","25921","e2398160a24281c1c1c71c1f77cb057d464d642cfa931b4de64b30283b3a16ed"
"figures/exposure_aware/figure_3/outputs/panels/figure_3e_external_pcc.png","61477","1f344653fcc22fd57ea50118c64ee1ffd086df2c2f92421cb2aa4dda1f543895"
"figures/exposure_aware/figure_3/outputs/panels/figure_3e_external_pcc.svg","12499","1e37e924f1ea4ce04e559a67adf30d5ca912919bb5b017cb87d88dcf56424064"
"figures/exposure_aware/figure_3/outputs/panels/figure_3f_ppb_scatter.pdf","49978","5e325fd02d46477d77cdd66e84cfd72fa3bcd807c648fe50f63b23fe483fe2de"
"figures/exposure_aware/figure_3/outputs/panels/figure_3f_ppb_scatter.png","96874","ceb383c4930ead226f79d92d8dbe5167618c9e761db292ea4162fd8aec686d4a"
"figures/exposure_aware/figure_3/outputs/panels/figure_3f_ppb_scatter.svg","79526","a630dcefdeca50c6481504aa897f3956e42d30193c14e2fff586273c37414eac"
"figures/exposure_aware/figure_3/outputs/panels/figure_3g_cmax_model_comparison.pdf","22877","ce547657be3b95e1c1056bd1adfeaee0fd2a9fc5e0158353a29e182ed423357f"
"figures/exposure_aware/figure_3/outputs/panels/figure_3g_cmax_model_comparison.png","35258","3ccdead96507c60bcdabd1d7a67bc061542c4c1344c6ca5297ce2c95bf46ed3c"
"figures/exposure_aware/figure_3/outputs/panels/figure_3g_cmax_model_comparison.svg","8143","c859ab7838f45d8f28507358b8f782d5b4b7a330389c5c1c3a71fbbede4a20be"
"figures/exposure_aware/figure_3/outputs/panels/figure_3h_cevimeline.pdf","41848","15769dd3b68340621f5684d5edeca45db5e30773ddb7c7b79440bd5af128ff88"
"figures/exposure_aware/figure_3/outputs/panels/figure_3h_cevimeline.png","55548","41c9013f50b1c5c83287cab00ce94cf0a33efca13a821a87f892803e8e553b45"
"figures/exposure_aware/figure_3/outputs/panels/figure_3h_cevimeline.svg","11753","ff724d06811ecf4d262e0eeb083fa677dc5744e40dd098b00563f31886cccf74"
"figures/exposure_aware/figure_3/outputs/panels/figure_3i_ciprofloxacin.pdf","43329","41756422762e9ba1bad0570dd005b3972196f9904955d89525af9988247f237d"
"figures/exposure_aware/figure_3/outputs/panels/figure_3i_ciprofloxacin.png","63890","749c4d150941c34fd38bb074fef95390d38f0d4f900e72f99626590edbde5fbf"
"figures/exposure_aware/figure_3/outputs/panels/figure_3i_ciprofloxacin.svg","12134","98dbab1b8e498362a89c8eaf4938baf7b90c50bfa313d9ea3bcfb43c7a383bff"
"figures/exposure_aware/figure_3/params.yaml","388","ea7346e2626b792d8aeecace6be340b3a0903978a7f7d9531918040bfa34681c"
"figures/exposure_aware/figure_3/run.py","71","bd0f415037c49f80056aed90241333a2a708d6ccdde263423c53b44453f14511"
"figures/exposure_aware/figure_3/scripts/__init__.py","1","01ba4719c80b6fe911b091a7c05124b64eeece964e09c058ef8f9805daca546b"
"figures/exposure_aware/figure_3/scripts/render.py","13253","40b0082dc23c17c021078ab7431fc1ec854487c561f4129d299a2f1848df9449"
"figures/exposure_aware/figure_4/FIGURE_GUIDE.md","2441","8d74b14aa01c42df0600ab15237310264891084d2859f764194842ce7d715c5c"
"figures/exposure_aware/figure_4/QA_REPORT.md","1615","9121ceccc457b72e2d93c9de9acf19a21f811ca52898c6c8802723af4595ae1e"
"figures/exposure_aware/figure_4/README.md","385","a511e9e758c1dd9560c4013f9a56c7d32357ede9435cccb42dd3159e7a0c5259"
"figures/exposure_aware/figure_4/data/clinical_test_57/clinical_test_57_before_after_metrics_by_fold.csv","582","d7e92b8b099ea8a17382dad5d78fb544d670a590d7bcf7fadb1bfab522d8b7df"
"figures/exposure_aware/figure_4/data/clinical_test_57/clinical_test_57_before_after_statistics.csv","459","514b4ae876a0b7a8baaab3f6bb1f89d2c4256d51f7ecc41fcc05339141479001"
"figures/exposure_aware/figure_4/data/clinical_test_57/clinical_test_57_metadata.json","348","a8dde3619976c1ecaab09064012aa543f6877b98ac5b05ed6fb5a65f19dc71f6"
"figures/exposure_aware/figure_4/data/clinical_test_57/fold_1_clinical_test_before_after_57.csv","109668","bb4c11aeb6d121c77310fb0626c728ae6e0e61e50e68247c963c2d52bfeb1eaa"
"figures/exposure_aware/figure_4/data/clinical_test_57/fold_2_clinical_test_before_after_57.csv","109706","17c5d12eca692397c9725d4e1cfc9e483f99adfa3ad2a988f4c2007cd43edb31"
"figures/exposure_aware/figure_4/data/clinical_test_57/fold_3_clinical_test_before_after_57.csv","109721","1318b4ad87f8d8b4b7990a8bcd307b1429b5d458f98ea628924340051382b5a4"
"figures/exposure_aware/figure_4/data/clinical_test_57/fold_4_clinical_test_before_after_57.csv","109714","953143758ef9657cadb4db50f93e3edb3359d1404772dc6be6c1f83e8758ddb6"
"figures/exposure_aware/figure_4/data/clinical_test_57/fold_5_clinical_test_before_after_57.csv","109725","15f548bd6476eec270ab78a534681742547cca8f72aaf7adffd50d1d79d2f3a7"
"figures/exposure_aware/figure_4/data/dotsafenet_full_test_18soc_dose_prediction_metadata.json","524","d05ab5914887c13047a471a26224a377c07688b088d07198923a7362310eda3a"
"figures/exposure_aware/figure_4/data/dotsafenet_full_test_18soc_dose_predictions.csv.gz","2471894","ef3b59ac0e804f86c8fe7228e1a5bff70ff61d960eeda44f57ae162b25710640"
"figures/exposure_aware/figure_4/data/dotsafenet_heatmap_ordered_label_matrix.csv","117363","93b8fd26c2e74c2cb16f8d4918f66e9b1c2348fcd356b63495e6cc48751d97fb"
"figures/exposure_aware/figure_4/data/dotsafenet_heatmap_ordered_prediction_matrix.csv","388474","85a28c68a4bf201184e8e9e0eebaa461c0a8addf92eca8efff9a76aa831f841d"
"figures/exposure_aware/figure_4/data/figure4_clinical_finetune_fivefold_metrics.csv","527","5ca61b073e99f945acd5afef2391cf8eb8c43eb1076b0c08209cdf2c0180b5a3"
"figures/exposure_aware/figure_4/data/figure4a_random_source_data.csv","394","fa75107d0dd016ac2a29b4e4369035e87564b17e0d4729a35efc2fd7f6e2e0d2"
"figures/exposure_aware/figure_4/data/figure4a_random_statistics.csv","335","ad8d2f1028dab868b3787dd5f3168e549325b9bc6bfa58f3b7cb8b0b533ae6c0"
"figures/exposure_aware/figure_4/data/per_adr_roc_a2mono_clinical_scores.csv","2098536","ec53ec694764381da118579c2f652ba199c5160111ad76d28af66ece2a6e2a91"
"figures/exposure_aware/figure_4/data/selected_soc_relationship_umap_source_data.csv.gz","110697","53f66b37e91826d201e2fdabe7d8a416135aa0bf6a17b6d15c37244bc046ef2d"
"figures/exposure_aware/figure_4/outputs/figure4_clinical57_finetuning_summary.csv","231","162158a54fbe0c0d3c211aed5c47e3747a4067e42b9cec53b8cd4e7eecb37414"
"figures/exposure_aware/figure_4/outputs/figure4_clinical_dose_finetuning_statistics.csv","444","a306448878b7fbc1b6c9714e5bfac6da0abd6d0dc2d840e7f3ebbc2e8b1ae987"
"figures/exposure_aware/figure_4/outputs/figure4_finetune_auprc.pdf","25415","4f11427abc075e15fed2df2b0156c61cb8f23cb643e80b89f60f5e49073b9f2b"
"figures/exposure_aware/figure_4/outputs/figure4_finetune_auprc.png","39345","921bc322cbcc3411cd9d00b16f81be3cbb2add4a3e894d3dfee011efc72a2e51"
"figures/exposure_aware/figure_4/outputs/figure4_finetune_auprc.svg","8100","a5a8d81f89d35bc14f0affad837a8d03c71dbd825894c9ebb77f39a7408adbc6"
"figures/exposure_aware/figure_4/outputs/figure4_finetune_auroc.pdf","24713","a5894dfc7d1ebe36e95479c87c25bb2c0bd539760bcfff32d8a81454f1aae694"
"figures/exposure_aware/figure_4/outputs/figure4_finetune_auroc.png","39761","c9f0a4153a4223ebb9c027ff28ca34068cffc72892e3ff967c645a4b9e5e03fe"
"figures/exposure_aware/figure_4/outputs/figure4_finetune_auroc.svg","8519","bcbaead087612e72c89fdc8c4cf49c92c1197aeddcca7f5e63dc9a2048d7b6fd"
"figures/exposure_aware/figure_4/outputs/figure4_model_comparison_and_clinical_finetuning.pdf","30569","2fff0dd6ea17c1b0825fe2faee872bc5bf986c92d436357db44679f0f74f60b8"
"figures/exposure_aware/figure_4/outputs/figure4_model_comparison_and_clinical_finetuning.png","119036","b2d31e6834a08e002bcb070850169526b2f7f8d159f885baa256360874d186eb"
"figures/exposure_aware/figure_4/outputs/figure4_model_comparison_and_clinical_finetuning.svg","24435","c96827af7603d7d13a7b40d79fe9733baea659a32079e1c7324476a4f2f2fbee"
"figures/exposure_aware/figure_4/outputs/figure4_original_test_finetune_auprc.pdf","25199","8e5512e18c4438c2d697c26316ad694927c977c9857dbe2416db3a6885292ddb"
"figures/exposure_aware/figure_4/outputs/figure4_original_test_finetune_auprc.png","43679","ee464dc4924e49f5142991ebb5fa00fb36dbe84145a7f2b1c7a1c870ef4fc780"
"figures/exposure_aware/figure_4/outputs/figure4_original_test_finetune_auprc.svg","9290","224c811be5c879a53669192fb63848e3a9dff6ef1665530a1e064247fe8e4f02"
"figures/exposure_aware/figure_4/outputs/figure4_original_test_finetune_auroc.pdf","24808","729b835bfb8f6512e6adb4151d841e0415c9125063bb68bb99f34b35096f9b78"
"figures/exposure_aware/figure_4/outputs/figure4_original_test_finetune_auroc.png","46885","07c6d365e528eb59abb35c8f8f7c7a7ee7ee825deb5e5745fe50cf2a782619db"
"figures/exposure_aware/figure_4/outputs/figure4_original_test_finetune_auroc.svg","9352","80df074554f237408969521ae2b9bc53e97e68ec7a5086d47b88a4e5aad91663"
"figures/exposure_aware/figure_4/outputs/figure4_original_test_finetuning_summary.csv","238","414de12283435c023131c46d4255719ea04367174d8aa16f3a89a18009f1b3b7"
"figures/exposure_aware/figure_4/outputs/figure4_training_comparison_summary.csv","238","414de12283435c023131c46d4255719ea04367174d8aa16f3a89a18009f1b3b7"
"figures/exposure_aware/figure_4/outputs/figure4a_roc_18soc.pdf","85506","ac0ff5b0a8dcd9e194efea77797538f5e7b74d45e0920869a545e41763b9e023"
"figures/exposure_aware/figure_4/outputs/figure4a_roc_18soc.png","257767","ed83f5db5944ab1e0de6a46af1eab8106126e6dd25db0dac05f93697bb778cc9"
"figures/exposure_aware/figure_4/outputs/figure4a_roc_18soc.svg","338784","27250359f1fb4aedb0e6fb536ac0137a2129c18891eb37c8337a958f71d862d8"
"figures/exposure_aware/figure_4/outputs/figure4a_roc_metrics.csv","2128","af6834f0317ff36ebba4556ac4309859b429044e55557a439e2217829e739e2b"
"figures/exposure_aware/figure_4/outputs/figure4b_low_high_dose_statistics.csv","2306","228802ffc7cd736e3149c6d4f0e48f09709f7f1e1b48bf912233d98e951bfec7"
"figures/exposure_aware/figure_4/outputs/figure4b_observed_low_high_dose_heatmap.pdf","101150","0a9216c71a2384d977e5b83100238e86ff96a18a2ac039e2b1fd3079105fbd95"
"figures/exposure_aware/figure_4/outputs/figure4b_observed_low_high_dose_heatmap.png","175807","17b86a74c0006ab05bab3ac8625626e15413c2241379087b500c9ac236bb66f6"
"figures/exposure_aware/figure_4/outputs/figure4b_observed_low_high_dose_heatmap.svg","171500","cf00216ce2e2364076649522d6bc231d0adc72603ed8151887d66f3dc944b809"
"figures/exposure_aware/figure_4/outputs/figure4b_observed_prediction_heatmap.pdf","101150","d78046e02ac793253216d6468296ce7839ff76f9dfc778b5d4a03871b0ef84ab"
"figures/exposure_aware/figure_4/outputs/figure4b_observed_prediction_heatmap.png","175807","17b86a74c0006ab05bab3ac8625626e15413c2241379087b500c9ac236bb66f6"
"figures/exposure_aware/figure_4/outputs/figure4b_observed_prediction_heatmap.svg","171500","2791162fa07ab39d7a98344e8962d4b80fd609baf0f20b8567efad96186d9134"
"figures/exposure_aware/figure_4/outputs/figure4c_soc_relationship_umap.pdf","213461","32d55be44d3cf3867044d40a1a96937d88d3a73755d2e0ea18c1b4759c0bbb51"
"figures/exposure_aware/figure_4/outputs/figure4c_soc_relationship_umap.png","191225","106993bb8c0b2ebccd590fe03bb6af1c05bbe8eff1bdd903f991fbe4bb91d273"
"figures/exposure_aware/figure_4/outputs/figure4c_soc_relationship_umap.svg","311723","101da9e13f63cad5bd43ac2120cdf8a560c97f511d002616457db3dac8a9db75"
"figures/exposure_aware/figure_4/outputs/figure_4.pdf","553057","cf394c0fb44765eef9ce5db9c0560a2a3764474de04896a25f14ddb87c2d77dc"
"figures/exposure_aware/figure_4/outputs/figure_4.png","1262870","b3257317edf6a44ca767a46e33be0e04f30b02a392882b163ad68762d2c35c0b"
"figures/exposure_aware/figure_4/outputs/latest.png","1262870","b3257317edf6a44ca767a46e33be0e04f30b02a392882b163ad68762d2c35c0b"
"figures/exposure_aware/figure_4/outputs/legends/figure4a_roc_legend.pdf","24796","55fc7de114093e33bad1168d18ab2d22c86fe07d07b5ed3a9c6d723e4e4648d5"
"figures/exposure_aware/figure_4/outputs/legends/figure4a_roc_legend.png","27475","d0abca0140ecdf61c57c1db154220ab17d8d7dec4b93feb5850d9e067e8ed8cd"
"figures/exposure_aware/figure_4/outputs/legends/figure4a_roc_legend.svg","2946","5fa8b5923eb0aee8f2c1620b3be3679922fcdfe7d0cf1dff07c7e9ef86ca0411"
"figures/exposure_aware/figure_4/outputs/legends/figure4b_heatmap_legend.pdf","24094","92bd933239ce5bb80c472174135ef9d15196c27f4a60bbeea6b3d8705eb89a89"
"figures/exposure_aware/figure_4/outputs/legends/figure4b_heatmap_legend.png","24672","367b9e5efb5d9a67e7315cff2d6399b9ef4559540706a4b71ba9b38beef3cc20"
"figures/exposure_aware/figure_4/outputs/legends/figure4b_heatmap_legend.svg","5874","2b6ad347907ebccc09e46732d42836beeea653bb9d3bc3ea1c3745e700a792ad"
"figures/exposure_aware/figure_4/outputs/legends/figure4c_umap_legend.pdf","21386","f4c5e8241d447fd25619b134e2f073a749d0479b4f3da136652b32b7576d8769"
"figures/exposure_aware/figure_4/outputs/legends/figure4c_umap_legend.png","23573","3c3f4fe45b5092347bf6ae6f4273b48cbbc865c9708e55ea2d3770bf904d0a92"
"figures/exposure_aware/figure_4/outputs/legends/figure4c_umap_legend.svg","5508","fd9fcb4caf5ae8cf71320caeeb177a50f73feec312af4b7ec38ee662a8703eb3"
"figures/exposure_aware/figure_4/params.yaml","903","2e4128be44d77f407ab6c18aa537e37e769f8c9ff83e8dc760c210e11a434352"
"figures/exposure_aware/figure_4/run.py","289","f0fd7a8eae563401b5f99153ecb4eba1c597485d4b362cbc92f0fea30ed114ae"
"figures/exposure_aware/figure_4/scripts/render.py","24687","987269bd4e2e1e1683d1daf76694fa305bdffec665ecefbaedb5e272a9992d38"
"figures/exposure_aware/figure_5/FIGURE_GUIDE.md","1435","2107c60ff932d364595046eb10f6e504b02ca9d9870ba32d454545e97ca252a3"
"figures/exposure_aware/figure_5/data/figure5a_clustered_complete_target_matrix.csv","8434","0ed45870b27e81cb55e8b524bf4af536b1478b7674547789daed6ed318264eff"
"figures/exposure_aware/figure_5/data/figure5a_clustered_selected_soc_target_matrix.csv","2169","5595fc99422d032322cda5e10011cb21c6cd04df574427d902ef23ef67a52b08"
"figures/exposure_aware/figure_5/data/figure5a_module_ordered_evidence_matrix.csv","8434","dc8de399d5d497b6df90bfa9147c11b16df11674ed94deeebfef6d85d38647a4"
"figures/exposure_aware/figure_5/data/figure5a_module_ordered_target_columns.csv","4832","c3863753de5445ae0935771bb8448d38904c3de62a7fbe5958b53eb17e6d3b40"
"figures/exposure_aware/figure_5/data/figure5a_soc_target_family_counts.csv","5847","37b9e7c24b43750ac471161a2c1bfb21646d0df864074d769dcad92ba06aea54"
"figures/exposure_aware/figure_5/data/selected_case_dose_predictions_by_fold.csv","32534","2018e4ab720a59bb25168ea85a070cb5b550303f2adf8f16d803c0c016119a17"
"figures/exposure_aware/figure_5/data/selected_case_manifest.csv","2651","5ca33c48eec18100055f42df816f332f7a31ba20ec263a873be04fe140ab92ee"
"figures/exposure_aware/figure_5/data/selected_case_target_occlusion_robust_summary.csv","1903105","694dda4c9459b876ece8fabefaa147fe3d594b4656df5a9bdc1ef2f30552b75a"
"figures/exposure_aware/figure_5/data/soc_target_membership.csv","364857","59f7b53916dc420a9bdd0cbd3c2a2d1291773391dfa4ded0e35d89e6db8238b0"
"figures/exposure_aware/figure_5/data/target_family_map.csv","3601","575a50c4543b9c1c3c381665dab6273e111a24e13b54a12a88aa55ec290f1884"
"figures/exposure_aware/figure_5/outputs/figure5_candesartan.pdf","57372","d601ded989b2e0088b1ad832b09f7d806fd0af13d823d875c03a4e4b69799ed1"
"figures/exposure_aware/figure_5/outputs/figure5_candesartan.png","162489","9c9d7e24bbcf65be34009ea33ae930cf33e926151c276e081d12d110645ffbdb"
"figures/exposure_aware/figure_5/outputs/figure5_candesartan.svg","40401","950c663554a174e416f7babf20c9c6f921a03052e8e7eddaba44563424e56afb"
"figures/exposure_aware/figure_5/outputs/figure5_case_legend.pdf","22415","8ebe1f4f7118ee7282e4e619a603663606f53a0f2609907eae62ae35a8490ed9"
"figures/exposure_aware/figure_5/outputs/figure5_case_legend.png","19368","d73db5555191b04e2cde47c6147db743831753a3857d79712f8a867950bd3160"
"figures/exposure_aware/figure_5/outputs/figure5_case_legend.svg","6132","4e345992f3f6f6398a509a4bca7b83f475f94d10c2ccbab9a80627746abb9649"
"figures/exposure_aware/figure_5/outputs/figure5_case_target_source.csv","11288","2b11a613963584d4bed55bc51b1a77ba5cecb119627a9bcff42fcb6f81d73007"
"figures/exposure_aware/figure_5/outputs/figure5_citalopram.pdf","51058","9e3d3e31a45773abca5658252ad8f79e6c2e316b6d51036223426cd7cbda19f9"
"figures/exposure_aware/figure_5/outputs/figure5_citalopram.png","139093","a836af64639e2e4f40c5c572e2e268e3bafa002ab73a32a84a6aea0b8becb512"
"figures/exposure_aware/figure_5/outputs/figure5_citalopram.svg","34790","d541439b589634cc6c903d0f94d98b6c409670c6acef852376dff4e85c99cec7"
"figures/exposure_aware/figure_5/outputs/figure5_meclofenamic_acid.pdf","51692","0603f189f2060328bcd9a5ff13f6bfce4ee9264294b8ee37809d96391f1a56b0"
"figures/exposure_aware/figure_5/outputs/figure5_meclofenamic_acid.png","127255","fdc0f926516bb8741dbc7d7d5648f00c44bbb5d957cdc2863f96bd9c647f3482"
"figures/exposure_aware/figure_5/outputs/figure5_meclofenamic_acid.svg","36190","ff9e568f5555eb4c41c6c34447aeec3f0c95bd74cfe5f33aba50651272716f2a"
"figures/exposure_aware/figure_5/outputs/figure5_spironolactone.pdf","50444","23d3f46e5fcdef822fc2b821398455d85add3fcc99111db48148fd932d0ff2f6"
"figures/exposure_aware/figure_5/outputs/figure5_spironolactone.png","136637","770549e80c456cb0c86f032d5016b944fd2269fd5ddf341496410679509e9f00"
"figures/exposure_aware/figure_5/outputs/figure5_spironolactone.svg","32558","298328dc6aa329a2b45d509b573f3964f50b01264d27bfbb303a9aaf43bcd444"
"figures/exposure_aware/figure_5/params.yaml","472","15629ba95e8d46c73d9607b272fd6604c533814fcd172e98b38bf20363d420da"
"figures/exposure_aware/figure_5/run.py","256","0b08214281ffe0cf0fa7d100961c9bfbc6d3f0356ecff24d68b883930cc8e665"
"figures/exposure_aware/figure_5/scripts/case_plotting_source.py","17928","15bb9c67b3bef379151d8e85df0eaf61fe9bf2856a30f9536598bc9cec796b14"
"figures/exposure_aware/figure_5/scripts/render.py","7864","1fa8ec1def4f4c38ee705da279b11dac635140147343c242257a950bbecc9ebb"
"figures/exposure_aware/figure_5/scripts/render_cases.py","4272","d41cf0dccc791c891c33eabb4fdc685b37741a28c1d719871a610227ff31c491"
"figures/exposure_aware/figure_5/scripts/render_cases_a4.py","10182","5bb6010f67d20bbe15c67d1bca003796c73ac56110496b7202bd6508a526860f"
"figures/exposure_aware/figure_5/scripts/render_module_landscape.py","7304","66eb46c7c0128bc90e1efa5809427c568fcc951319666469464066739556b8bb"
"figures/exposure_aware/figure_5/scripts/render_target_matrix.py","5589","b8e6896133319f88353c02b970b4280409e4644ffe314ef342b7f9257d8d4ad8"
"figures/exposure_aware/figure_manifest.csv","803","f9d9a917fca34798d8948d368e73012b64d414a5269b68c27c0cc1161777b6d9"
"figures/exposure_aware/supplementary_figure_6/FIGURE_GUIDE.md","718","ed2d0589af02b358b67a8d76d74df9a00498894a67d5eba1fd8e755826918530"
"figures/exposure_aware/supplementary_figure_6/README.md","217","bc1b908b08c020835bb1efe3b2dbc43cc866496ed01f102c324a4cb6ac26ccf4"
"figures/exposure_aware/supplementary_figure_6/data/cmax/cmax_random_split/test.csv","43804","6350450496c8be426a14254ed1afc1bb6f90a9babe62254f0b667afb9926d278"
"figures/exposure_aware/supplementary_figure_6/data/cmax/cmax_random_split/train.csv","364916","aca138659359d6f28bdec253ce995cbd00229af61364ba81212d2a473cadc78e"
"figures/exposure_aware/supplementary_figure_6/data/cmax/cmax_random_split/valid.csv","44577","184bbd3b97c83bfa6aa952358aa6c6bda92f7f9af8abf324a87b402d594419a0"
"figures/exposure_aware/supplementary_figure_6/data/ot_profile/Enzyme/test.csv","571261","c1cc37b17e1e447526de4b49b212c5756ca2ae5d8918fc12cca2c8b44631017a"
"figures/exposure_aware/supplementary_figure_6/data/ot_profile/Enzyme/train.csv","5784953","27ba80b3a28e56f99a9e94499bd76d86d9c9d799e9ce5441ce7aee37a76e168d"
"figures/exposure_aware/supplementary_figure_6/data/ot_profile/GPCR/test.csv","2301320","f9ebfb82a78c6f2bc009ae30220492f8a7884a0c9292ec0fae1c2138e883591c"
"figures/exposure_aware/supplementary_figure_6/data/ot_profile/GPCR/train.csv","23141950","f359a60f1b7ecc959acd11f1ca97775c874df279e6d37385191e96e72adac62b"
"figures/exposure_aware/supplementary_figure_6/data/ot_profile/IonChannel/test.csv","320038","4ba5c3a0027124f24166c5133f3aee3fb1d7367b3f414ece20bc8e8d425329a5"
"figures/exposure_aware/supplementary_figure_6/data/ot_profile/IonChannel/train.csv","3227106","fdebeba5546ef571082549030f480e61043fa9e1656f5eb837879c3476d30c9e"
"figures/exposure_aware/supplementary_figure_6/data/ot_profile/Kinase/test.csv","793791","8d9cb3f91caa6d15adcf600e9d80b1e0dbb2473742065d4fabf7f5dfda09aed2"
"figures/exposure_aware/supplementary_figure_6/data/ot_profile/Kinase/train.csv","7948623","de2905d0f489aebec0acf67a0e154cf9eade90611f626e0c9dab40812ddbf633"
"figures/exposure_aware/supplementary_figure_6/data/ot_profile/NHR/test.csv","236034","fb892e3a884545210c892c2b564e0c584822ec1afc18caaf623a3b2c3f369231"
"figures/exposure_aware/supplementary_figure_6/data/ot_profile/NHR/train.csv","2397592","ed9026b43864c9a9e5944c6469a904459805c34a5eef53958eeed98b8a1068e7"
"figures/exposure_aware/supplementary_figure_6/data/ot_profile/Other/test.csv","44953","06dc007a749702a8598370810a781d62b6a7306b9ca9fdaef5868975c9018689"
"figures/exposure_aware/supplementary_figure_6/data/ot_profile/Other/train.csv","451297","36002c27735ce6fd240ac03000d7892420e07c4c53d81306b6b35287413b0c65"
"figures/exposure_aware/supplementary_figure_6/data/ot_profile/Transporter/test.csv","185855","7cc9684daf8f327ca568847a98fadf875992cf8edea5a414634387606edc4e1f"
"figures/exposure_aware/supplementary_figure_6/data/ot_profile/Transporter/train.csv","1868202","63300c78fcb444ff0f8797b8783099bcee3eb9dd89cda7bf22e0758e0763a6dc"
"figures/exposure_aware/supplementary_figure_6/data/ot_profile/test.csv","793791","8d9cb3f91caa6d15adcf600e9d80b1e0dbb2473742065d4fabf7f5dfda09aed2"
"figures/exposure_aware/supplementary_figure_6/data/ot_profile/train.csv","7948623","de2905d0f489aebec0acf67a0e154cf9eade90611f626e0c9dab40812ddbf633"
"figures/exposure_aware/supplementary_figure_6/data/ppb/ppb_random_split/test.csv","59418","956d2e6f2ad23e8e177f03b510a26308faea917722abcf56f6ca946b6783f8c4"
"figures/exposure_aware/supplementary_figure_6/data/ppb/ppb_random_split/train.csv","479527","85d2f0fcc33b47e3ce6bf468ee622426c4912c96b20779e28e0ea8af868d2c4d"
"figures/exposure_aware/supplementary_figure_6/data/ppb/ppb_random_split/valid.csv","59964","26f752ae96499c5f1b793f978037bc8ece567237b8a7844f1a870fecf191753b"
"figures/exposure_aware/supplementary_figure_6/outputs/chemical_space_tsne_coordinates.csv.gz","519755","13809a31122e6cb63dd635f8b8d976a13cc41deeaea69e4a5d7f59d8c84d5c60"
"figures/exposure_aware/supplementary_figure_6/outputs/dataset_sample_counts.csv","119","b4992714e6e7b271cc05fcc47a755750b385e5753b32f1ca87c472bfc2fa2ebc"
"figures/exposure_aware/supplementary_figure_6/outputs/latest.png","1033816","52d01713e579a96429ddd479621421de7f48625453b15cc46de25a40c27cb4d0"
"figures/exposure_aware/supplementary_figure_6/outputs/legends/supplementary_figure_6g_h_legend.pdf","14885","8dc46d0b56e2fe42237cf55e6d87df5cf8b51de9f8ffb6c9559c52e6c5331f39"
"figures/exposure_aware/supplementary_figure_6/outputs/legends/supplementary_figure_6g_h_legend.png","7914","828f0b51f546e0d46ccee5ed48aeeb25f643b2d5a534d4b4d0d7985b32e31451"
"figures/exposure_aware/supplementary_figure_6/outputs/legends/supplementary_figure_6g_h_legend.svg","2948","2c3d0156dbe709f791ded581820f60325db34e96e65ec55580dcbc3fd355c86d"
"figures/exposure_aware/supplementary_figure_6/outputs/normalized_dose_interval_counts.csv","180","90bb642449d3c75b0d00384acae7daf159dadd1d367e28fb44b1b1f4572b394e"
"figures/exposure_aware/supplementary_figure_6/outputs/supplementary_figure_6.pdf","406790","cb1ed44e717108aac251107f88c97797d2fb913b61319db6b772647058d37d01"
"figures/exposure_aware/supplementary_figure_6/outputs/supplementary_figure_6.png","1033816","52d01713e579a96429ddd479621421de7f48625453b15cc46de25a40c27cb4d0"
"figures/exposure_aware/supplementary_figure_6/outputs/supplementary_figure_6a_ppb_distribution.pdf","22397","6cbeafc6613cee40872d6c10c22f6ba5a6499e31e3e44be838004731717b8818"
"figures/exposure_aware/supplementary_figure_6/outputs/supplementary_figure_6a_ppb_distribution.png","39359","1f66755891f92c07405f6820ad2bbaa3c74976007460c55fbb34a1527fdd1518"
"figures/exposure_aware/supplementary_figure_6/outputs/supplementary_figure_6a_ppb_distribution.svg","10344","a11ca161ef189b7819ee5857c70c6f378ea72d4a28069132fafd9f8a02c84efd"
"figures/exposure_aware/supplementary_figure_6/outputs/supplementary_figure_6b_unbound_fraction_log10_distribution.pdf","30164","ba1ce6092f9bcb87a6fc20141669c1d64fd7fc7c16d0ddb18fa0ae706b3c036f"
"figures/exposure_aware/supplementary_figure_6/outputs/supplementary_figure_6b_unbound_fraction_log10_distribution.png","39937","fc13aec3fc425e204a1c951817230798f6928cf82906ab43756d40a4084e0cd7"
"figures/exposure_aware/supplementary_figure_6/outputs/supplementary_figure_6b_unbound_fraction_log10_distribution.svg","11505","bb4ab24b5b7c5595468c079733d7250bf732ab8664a31d70ac66091344534f9b"
"figures/exposure_aware/supplementary_figure_6/outputs/supplementary_figure_6c_cmax_distribution.pdf","30023","6bc188408d5571ebd8844280eae2eae7394bea62f8ee2d1250ce416b40ad308a"
"figures/exposure_aware/supplementary_figure_6/outputs/supplementary_figure_6c_cmax_distribution.png","44807","5e7af31841a710febb6377d2d85f7257786b92f26989337e2d4698e8401917c2"
"figures/exposure_aware/supplementary_figure_6/outputs/supplementary_figure_6c_cmax_distribution.svg","11052","2172ffa8b5b58d922f24f907f90177fe87e97e9620e1f943bf1a229b258db971"
"figures/exposure_aware/supplementary_figure_6/outputs/supplementary_figure_6d_cmax_log10_distribution.pdf","30966","29371081c0a7ba12256178e12577943876d111e0ea1acda178bc1e15da13addd"
"figures/exposure_aware/supplementary_figure_6/outputs/supplementary_figure_6d_cmax_log10_distribution.png","38527","4882886b29d777a8798b90b65bd50131f893c3a5fea662bc97ce5617d1e5c62b"
"figures/exposure_aware/supplementary_figure_6/outputs/supplementary_figure_6d_cmax_log10_distribution.svg","10501","a6ceaa408346698616d0844e907caef0142c7054a097b4cffe6e97b6f9df8f43"
"figures/exposure_aware/supplementary_figure_6/outputs/supplementary_figure_6e_normalized_dose_intervals.pdf","24942","2edc16c2118ad365270b223bb63a0395c8b95fb79913cd658910543ab26eb1d4"
"figures/exposure_aware/supplementary_figure_6/outputs/supplementary_figure_6e_normalized_dose_intervals.png","103707","86a61f1ff72b79753293a6f688ac8bf56069b449ffa8c13f4e11a525564b884c"
"figures/exposure_aware/supplementary_figure_6/outputs/supplementary_figure_6e_normalized_dose_intervals.svg","13178","3e7ed24ab102d7c5bbf9acc8cfe3fb8b12caf692f2f5a3d87e3fac251d1da4bc"
"figures/exposure_aware/supplementary_figure_6/outputs/supplementary_figure_6f_dataset_sample_counts.pdf","34950","385d1e08a807889516874bd33f88e8ce843b43c659758f1dc4cbc10571d065b0"
"figures/exposure_aware/supplementary_figure_6/outputs/supplementary_figure_6f_dataset_sample_counts.png","52488","4b3fdde6a3a37ec6c592eec39f37aaeb4b67ce9604e9901f0d27d5226494819b"
"figures/exposure_aware/supplementary_figure_6/outputs/supplementary_figure_6f_dataset_sample_counts.svg","10104","f6b85235d7c8b6c4ed17d6aa900829684efaf9ed15a31d000887b4658e3a22bd"
"figures/exposure_aware/supplementary_figure_6/outputs/supplementary_figure_6g_chemical_space_ppb.pdf","434710","948dd9fdf4e1c3b563bf4237c51f6af1f4fb1731617f8f77020c1ae51be438ab"
"figures/exposure_aware/supplementary_figure_6/outputs/supplementary_figure_6g_chemical_space_ppb.png","479102","72b215dea84f7eb0588c4b05dab2d1eef0d88bf82fe6c131a1cb38427cbe32be"
"figures/exposure_aware/supplementary_figure_6/outputs/supplementary_figure_6g_chemical_space_ppb.svg","631954","84dd926dc1f0eacae2226993d052fb1abf2a1001175501caf626570a359eb209"
"figures/exposure_aware/supplementary_figure_6/outputs/supplementary_figure_6h_chemical_space_cmax.pdf","333637","82b7698dd2ee6d93120de79510a4b061ad27cd2b9a01901ddaccba8855211235"
"figures/exposure_aware/supplementary_figure_6/outputs/supplementary_figure_6h_chemical_space_cmax.png","419174","afdf8f5f74771bfdb80915f44b6a8a406617aabc9eedfd9369ff63176c993262"
"figures/exposure_aware/supplementary_figure_6/outputs/supplementary_figure_6h_chemical_space_cmax.svg","528042","0b7e6d0d4768677dad613c8d5291df0610f3573d010d4fd37528beb700956bcb"
"figures/exposure_aware/supplementary_figure_6/params.yaml","578","99e01ec362ccfbe0bc9996e2f520a5a8fa0fa2f795be40bb92dae1027af2f573"
"figures/exposure_aware/supplementary_figure_6/run.py","292","730a1d050fe7d10a2519d38f8d288470700ea0e93c8a3d65f2d46398a4449f35"
"figures/exposure_aware/supplementary_figure_6/scripts/render.py","12136","e86445b5817e0c70a34e263eab68b2ab3a746fcb5583de00e7edc868e019b363"
"figures/exposure_aware/supplementary_figure_7/FIGURE_GUIDE.md","922","ba6567617c5285a005fc3c815d3a2ca466f2f03cf24538a6182ed0a1fe53a82b"
"figures/exposure_aware/supplementary_figure_7/README.md","362","53f73834ee7579ce5d24afc3c68be4065ec924a21b181cb30c43afed864698e6"
"figures/exposure_aware/supplementary_figure_7/data/cmax_case_curves/cmax_case6_scaffold_5seed_predictions.csv","16909","5977352b6b68e10881db1461cbd81780f2055e3ec7835548b2a379bcccc4ebae"
"figures/exposure_aware/supplementary_figure_7/data/ppb_scaffold_metrics/scaffold_test_plasmabindnet_fu_seed_metrics.csv","898","b50b41860c5084b265fd6e47bad6cb3b6daee17b8b63a47b5d892219e0e1d802"
"figures/exposure_aware/supplementary_figure_7/data/ppb_scaffold_metrics/supplementary_table_2_plasmabindnet_and_fu.csv","1070","3e53d22fcf5789a8b458ac87a69ed4606c4bae65275a7c7c1fe635242fa12b82"
"figures/exposure_aware/supplementary_figure_7/outputs/cmax_case_curves/supplementary_figure_7c_f.pdf","52825","4ba78094145fa7fc7fcf3c5a7efe588616c31291dffa6b48d56292384a05abd4"
"figures/exposure_aware/supplementary_figure_7/outputs/cmax_case_curves/supplementary_figure_7c_f.png","234893","80178b3893ee77f525e902917d2a0d950ae9a1d5ac75242200663f85c4234808"
"figures/exposure_aware/supplementary_figure_7/outputs/cmax_case_curves/supplementary_figure_7c_f.svg","46133","c3ad6354ec549dc7b839eb2f4b43367623f6519d09fb51ae569a4c2b08a4676e"
"figures/exposure_aware/supplementary_figure_7/outputs/cmax_case_curves/supplementary_figure_7c_sildenafil.pdf","45100","15f2d2ce7a6262fa0c7137e94835921d2d69169fe66b6f2be34554f29b0be1e6"
"figures/exposure_aware/supplementary_figure_7/outputs/cmax_case_curves/supplementary_figure_7c_sildenafil.png","70044","564e3198e5a448bca76a44fa84306060aec7d672b1771fad8f0d350a489ecc22"
"figures/exposure_aware/supplementary_figure_7/outputs/cmax_case_curves/supplementary_figure_7c_sildenafil.svg","13746","d146cd9b4ed4bc17f4d137011fd7f82e63fec6058860d2548834579724e90dfa"
"figures/exposure_aware/supplementary_figure_7/outputs/cmax_case_curves/supplementary_figure_7d_alogliptin.pdf","45147","0e643bb1f77dd67b9c0d3aa5e77353fda91a3df2f3ab3e2178594c8be2eb413b"
"figures/exposure_aware/supplementary_figure_7/outputs/cmax_case_curves/supplementary_figure_7d_alogliptin.png","69610","417cf4beda82af322cfc475a57a5ee544c4b4996492a5c2e738247d4f3193fdf"
"figures/exposure_aware/supplementary_figure_7/outputs/cmax_case_curves/supplementary_figure_7d_alogliptin.svg","13270","98b4776b8d727742abbab57baf6d8f5ec2d64690c747b4f1de66c99a36307c23"
"figures/exposure_aware/supplementary_figure_7/outputs/cmax_case_curves/supplementary_figure_7e_fezolinetant.pdf","43810","487ab3e770cfd8ab1eb5e55a3f3be8bbc035ec72c994c91b871c7e8ae938034c"
"figures/exposure_aware/supplementary_figure_7/outputs/cmax_case_curves/supplementary_figure_7e_fezolinetant.png","65429","abc5f88ee4daabbfec1d700e27b69979027e61b01f2015ae86dc7abfa455bf7e"
"figures/exposure_aware/supplementary_figure_7/outputs/cmax_case_curves/supplementary_figure_7e_fezolinetant.svg","12507","11f745e439b24afe3d89c41e414aa57ac168e437b9701a9ec7ea95c48d329e12"
"figures/exposure_aware/supplementary_figure_7/outputs/cmax_case_curves/supplementary_figure_7f_torsemide.pdf","44450","4c09d2a242da9cece9d8eaf633260253d37b2281d42e8c9399be7338756a1f30"
"figures/exposure_aware/supplementary_figure_7/outputs/cmax_case_curves/supplementary_figure_7f_torsemide.png","70777","50c678c416d666736ad6d3391631df2c7704578cb911fc0970ba115b1b49a905"
"figures/exposure_aware/supplementary_figure_7/outputs/cmax_case_curves/supplementary_figure_7f_torsemide.svg","12922","bc148c6c32caffbe1ed2a94dccb8b32d5c33e5e53aa7df51b6a8eb6270a67959"
"figures/exposure_aware/supplementary_figure_7/outputs/ppb_scaffold_metrics/source_data_summary.csv","810","4363175a7a58c7a7f75894ecc0ec60c05c70c44bee1be5a51c66762d4fb4cd8a"
"figures/exposure_aware/supplementary_figure_7/outputs/ppb_scaffold_metrics/supplementary_figure_7a_b.pdf","27941","5e7d03e6e12dac46dac2bd29d1f6e242a98c1df429b2ac79b0d9f3fee97dc261"
"figures/exposure_aware/supplementary_figure_7/outputs/ppb_scaffold_metrics/supplementary_figure_7a_b.png","98697","acbada6ddbafa08dd6b3d962f9c33236538302cd3bf31885cc8d285e328d2e46"
"figures/exposure_aware/supplementary_figure_7/outputs/ppb_scaffold_metrics/supplementary_figure_7a_b.svg","24189","6978081e2110a97761e2eb6df0439f2a5fb189484bd7103fba61f33b8c70ecde"
"figures/exposure_aware/supplementary_figure_7/outputs/ppb_scaffold_metrics/supplementary_figure_7a_rmse.pdf","25937","1a5b655bda5085ef59a621313c773133710d0c3fe82d410f78f74022113df148"
"figures/exposure_aware/supplementary_figure_7/outputs/ppb_scaffold_metrics/supplementary_figure_7a_rmse.png","74001","ac0d52af186a32305c3f1698ac27dc55b70b8bf2a9176ae4d56517784bc8a08a"
"figures/exposure_aware/supplementary_figure_7/outputs/ppb_scaffold_metrics/supplementary_figure_7a_rmse.svg","12606","57903bc77fb5c3146889e6a937af94ab31d961003047cd57a1199b550f256467"
"figures/exposure_aware/supplementary_figure_7/outputs/ppb_scaffold_metrics/supplementary_figure_7b_mae.pdf","26049","57d44515d34a6b07e026bdd862967bac110b0580bca1746bf98c44366ded518e"
"figures/exposure_aware/supplementary_figure_7/outputs/ppb_scaffold_metrics/supplementary_figure_7b_mae.png","72878","270616980f502e104937b98b0ad2e9b71bcc7043940c8b667645666ae100bd19"
"figures/exposure_aware/supplementary_figure_7/outputs/ppb_scaffold_metrics/supplementary_figure_7b_mae.svg","12839","10b7c184de274674b8aba1d3cce07db0a9279dea52fe41bcd702e727dcddda74"
"figures/exposure_aware/supplementary_figure_7/params_cmax_case_curves.yaml","499","92f7881a4235333da8234a8ff8cfffb6b356c56dba3f38d3d5793428dfd92589"
"figures/exposure_aware/supplementary_figure_7/params_ppb_scaffold_metrics.yaml","461","fe85cbc885f33a8e49599b65d152fd6d67fc6018d60afb8d444dc826610bb982"
"figures/exposure_aware/supplementary_figure_7/run.py","483","aa04bf4aefeb67c73f7f3c0c7f3259440c9d841dfe0cb0e27d310fc3ab69797d"
"figures/exposure_aware/supplementary_figure_7/scripts/render_cmax_case_curves.py","4502","30caec8932813d4cf21103040ab422147b4b3d814c3c2ef869750287f8398aab"
"figures/exposure_aware/supplementary_figure_7/scripts/render_ppb_scaffold_metrics.py","3955","2de5d49aba526832f5b6e45ccbc4d8167df0a7433603bd3eecdcf986e89985ac"
"figures/exposure_aware/supplementary_figure_7_dotsafenet/FIGURE_GUIDE.md","1133","4cf9100231bf23fc42619c37b0ce1ad0c528a7f8483c58fbb6160bc5483c50d1"
"figures/exposure_aware/supplementary_figure_7_dotsafenet/assets/prior_adr_model_architecture.png","50632","efa9f7adf623e7670dd8e4ad748027d651ef9dfe8ad79b47cdb052d0d6a12f13"
"figures/exposure_aware/supplementary_figure_7_dotsafenet/data/soc_target_membership.csv","364857","59f7b53916dc420a9bdd0cbd3c2a2d1291773391dfa4ded0e35d89e6db8238b0"
"figures/exposure_aware/supplementary_figure_7_dotsafenet/data/supplementary_figure_7b_evidence_matrix.csv","8434","dc8de399d5d497b6df90bfa9147c11b16df11674ed94deeebfef6d85d38647a4"
"figures/exposure_aware/supplementary_figure_7_dotsafenet/data/supplementary_figure_7b_target_columns.csv","4832","c3863753de5445ae0935771bb8448d38904c3de62a7fbe5958b53eb17e6d3b40"
"figures/exposure_aware/supplementary_figure_7_dotsafenet/outputs/supplementary_figure_7a_dotsafenet_architecture.pdf","70235","6918ba5f93eb84de0ba5fffaf24aee2477d48419d604a68716e3731901db17f4"
"figures/exposure_aware/supplementary_figure_7_dotsafenet/outputs/supplementary_figure_7a_dotsafenet_architecture.png","199879","db08f108ae8c2aa3b2a49257fa1af465161b173a22c81773f2be657e14fda1b5"
"figures/exposure_aware/supplementary_figure_7_dotsafenet/outputs/supplementary_figure_7a_dotsafenet_architecture.svg","24225","12444ab5a943ef517a131fdf9b7521404becdd4f5b03e3ddab34d04d4b72fcde"
"figures/exposure_aware/supplementary_figure_7_dotsafenet/outputs/supplementary_figure_7a_dotsafenet_architecture_QA.md","548","2bf22e9718b102927bb663283f083a9cc5bcb605e4f634666054ff30e578a338"
"figures/exposure_aware/supplementary_figure_7_dotsafenet/outputs/supplementary_figure_7b_adr_target_association.pdf","48600","fb9afed2f64e7041d61181f3b3c153c3664909c89ba23d9f59c2de5417656d29"
"figures/exposure_aware/supplementary_figure_7_dotsafenet/outputs/supplementary_figure_7b_adr_target_association.png","136290","dd6c9ecfcc3cf4ff32eabe6c9c32048d5ca5bd319fc1c27ce93cbbb55bc6bdc1"
"figures/exposure_aware/supplementary_figure_7_dotsafenet/outputs/supplementary_figure_7b_adr_target_association.svg","80060","1acf32f0d751101fe389edda1f8790eca161ba11ab43c3b792f5d2acd147b6f4"
"figures/exposure_aware/supplementary_figure_7_dotsafenet/outputs/supplementary_figure_7b_adr_target_legend.pdf","16302","8aaad42a297502d21111f5321e9e8a7274f1a35bd18e8376479bc19a5b4ebde4"
"figures/exposure_aware/supplementary_figure_7_dotsafenet/outputs/supplementary_figure_7b_adr_target_legend.png","11009","c9bd9088ebe040644890dbdd5814748e1c57f20e42132429fe62f9fa58611a06"
"figures/exposure_aware/supplementary_figure_7_dotsafenet/outputs/supplementary_figure_7b_adr_target_legend.svg","2410","6af28a79897a2f2c128baf22ff93b38eedb7e296455fe54e4dc5e89f96f015e4"
"figures/exposure_aware/supplementary_figure_7_dotsafenet/params.yaml","294","b8df57434ada085af86a857d61eee3e662b2a1011e77a1d939a1bde28f727653"
"figures/exposure_aware/supplementary_figure_7_dotsafenet/run.py","414","596c6cdaeee27f5e617408ebf2d68a87a9ca5d450f6d9b0705c3c471e7167872"
"figures/exposure_aware/supplementary_figure_7_dotsafenet/scripts/render_adr_target_matrix.py","7263","8700b6df3feb595e93222b850a60091e15e6aed249c3c88265a20c0570b25d64"
"figures/exposure_aware/supplementary_figure_7_dotsafenet/scripts/render_dotsafenet_architecture.py","9809","ccc719c1a1f267274e260c9748fb7d7ebb9648f7cf6a63ba59be90a236198e64"
"figures/exposure_aware/supplementary_figure_8/FIGURE_GUIDE.md","903","eec9c5bf47126204df06d1b0a039846f5b8f848dda6549b6b705fb34b6b646a5"
"figures/exposure_aware/supplementary_figure_8/QA_REPORT.md","1247","3d0e62286b0895a56e39d35880ed156a2c0690f5c0fd5f8a1dd5303c36e2d6a3"
"figures/exposure_aware/supplementary_figure_8/README.md","258","5d60f9066a051e280e36966ce01ef1c32cf5dc516925df34dcc5a5261c9df595"
"figures/exposure_aware/supplementary_figure_8/data/all_soc_umap_source_data.csv.gz","110697","53f66b37e91826d201e2fdabe7d8a416135aa0bf6a17b6d15c37244bc046ef2d"
"figures/exposure_aware/supplementary_figure_8/data/model_comparison_source_data.csv","394","fa75107d0dd016ac2a29b4e4369035e87564b17e0d4729a35efc2fd7f6e2e0d2"
"figures/exposure_aware/supplementary_figure_8/data/model_comparison_statistics.csv","335","ad8d2f1028dab868b3787dd5f3168e549325b9bc6bfa58f3b7cb8b0b533ae6c0"
"figures/exposure_aware/supplementary_figure_8/outputs/legends/supplementary_figure_8b_legend.pdf","17212","d9826ba67c3f6a3a715374b6fcfe0ec67d88f25408d1d992e15edccfd99edc42"
"figures/exposure_aware/supplementary_figure_8/outputs/legends/supplementary_figure_8b_legend.png","17781","9f2ee9b2adaea5a7ec416527729ad3ec3f11c08128f25f0413e966242eb45f1a"
"figures/exposure_aware/supplementary_figure_8/outputs/legends/supplementary_figure_8b_legend.svg","3788","584b3f2e326f184af43e8e1b2557df019b775914d9069e8b067cdb8c84c85e1f"
"figures/exposure_aware/supplementary_figure_8/outputs/panels/supplementary_figure_8a_model_comparison.pdf","23525","bd80ba77cef3d714561f21a30d981c322497fff0ce9916d1fd88b06b54731309"
"figures/exposure_aware/supplementary_figure_8/outputs/panels/supplementary_figure_8a_model_comparison.png","49041","31bdc30b1e63910907a2b4280793aa2eeddaa011715f2d01826bec70872a4608"
"figures/exposure_aware/supplementary_figure_8/outputs/panels/supplementary_figure_8a_model_comparison.svg","8743","17930c01a979a7e12b6ea758a63f781dd36e6301ceef89d1fb6badcd42662742"
"figures/exposure_aware/supplementary_figure_8/outputs/panels/supplementary_figure_8b_all_soc_umap.pdf","532069","73b3fa49ddd24507bc73e9698c0a2ac9f9ebd7a3f93c7dd158155a2880b33325"
"figures/exposure_aware/supplementary_figure_8/outputs/panels/supplementary_figure_8b_all_soc_umap.png","487907","e0bd10d24eee9916f4ba44a7d93c2d0eeaa3ab544fb00e99834730617a0c59c8"
"figures/exposure_aware/supplementary_figure_8/outputs/panels/supplementary_figure_8b_all_soc_umap.svg","775013","cf3bf545da29c61515ddf561f22cbfba6cdfec520b2b916d862ca299956c6471"
"figures/exposure_aware/supplementary_figure_8/outputs/supplementary_figure_8.pdf","244404","3a1bdd95085c81a3f8b201113c33f6f73243c8363be303d94c3d9ffe8d009424"
"figures/exposure_aware/supplementary_figure_8/outputs/supplementary_figure_8.png","612647","4c184c41a3bdb5962d13f05227eb63fcebb0c473fdda2bfd1f7e8791893222bb"
"figures/exposure_aware/supplementary_figure_8/params.yaml","177","4ab8ddb78beb594d2446ff66e62817ca2082240210651106567ba3c1311c2fb6"
"figures/exposure_aware/supplementary_figure_8/run.py","193","f38e92dffbe7d616bb6cf1517be36a4bcc8f24628c28e8756c7888f887fde390"
"figures/exposure_aware/supplementary_figure_8/scripts/render.py","8807","88c2f6c10feaa8561c3755c8b6caef6a60c09f7357f66cafc08dfedb7e4133f3"
"figures/exposure_aware/supplementary_ppb_cmax_dataset_characteristics/FIGURE_GUIDE.md","558","cf3d4363dfcfba64e6a1acf053524aaf094a2591480df7ae4ce492d946d0b961"
"figures/exposure_aware/supplementary_ppb_cmax_dataset_characteristics/README.md","1081","52ee4c2d6e821a26996bfa70a94ec65be990ad08cee6e40f27e03a64d5dc9587"
"figures/exposure_aware/supplementary_ppb_cmax_dataset_characteristics/params.yaml","554","b4a6abef3b2a6e728f10e98b480e92b26ad601d0f39b80d838cd38530139aac9"
"figures/exposure_aware/supplementary_ppb_cmax_dataset_characteristics/render.py","11377","0229461e97a4abd9139087eff3ccee83b710befd7db447f122751e7ca46415a6"
"figures/exposure_aware/supplementary_ppb_scaffold_metrics/FIGURE_GUIDE.md","510","cc6a404a4be950f9d49ec15f896bd6fab0664bfd0a1f577fc243dc3f4878262f"
"figures/exposure_aware/supplementary_ppb_scaffold_metrics/README.md","664","45e1924482ecc5014d7d2b1fb78b8ec03e799cc25c787bd78a635c43541a3a0c"
"figures/exposure_aware/supplementary_ppb_scaffold_metrics/params.yaml","461","fe85cbc885f33a8e49599b65d152fd6d67fc6018d60afb8d444dc826610bb982"
"figures/exposure_aware/supplementary_ppb_scaffold_metrics/render.py","3805","55feecb49703194a3905ded75ef60c061104a9d6499961a347341fe1599ade65"
"figures/ot_profilenet/.nature_figure_backend.json","29","dad100bf58fece91f6d9ce9ef861408b330aea06bb703ea8229bf8d464754a8b"
"figures/ot_profilenet/FIGURE_CONTRACT.md","1274","9a181ca9af176afa9610e2e66e231651f42fb9aefabaf2dc13d75ae2bccdd36d"
"figures/ot_profilenet/README.md","2662","153e91c9c631bd4a20f94c05ccbda17752e02ee6875b3adbfc590b3740a6e5be"
"figures/ot_profilenet/THIRD_PARTY_NOTICES.md","747","b3ceb83091112919454d5f34b48e064562489815d3e158b7bfa465f46732d76f"
"figures/ot_profilenet/common/__init__.py","75","5edf59269917bd2581a17377a4a0f3837cf78e15f7ce099987907d92ca0ae8e0"
"figures/ot_profilenet/common/figure_style.py","8843","01c81ca20b054806f25fb56d8f8b2d788e962eee90b3db6694446cd85036ada9"
"figures/ot_profilenet/environment.yml","201","6a221ad2c0e4f0d9b4129db1ff854c7e8d6c1fd7c8f6a874e676c2f2475148ab"
"figures/ot_profilenet/figure_2/FIGURE_GUIDE.md","2026","7916a8425cb4045008b1719688e391f44a3d181611dad9f4656025f97a893fb7"
"figures/ot_profilenet/figure_2/README.md","1050","937f18d6794905b5c9cd2118d598a6ef4c75a3187b8b4c588a0f1573e5b0dff2"
"figures/ot_profilenet/figure_2/data/panel_a_target_counts.csv","107","1a6276930bc66a4fd3bb11355d892f33ebc74fda9a9f8a2ac4f3430425487048"
"figures/ot_profilenet/figure_2/data/panel_b_dataset_statistics.csv","233","12cc6421c93ab557081aed3e38bb19ed5da1f86b11a6ab00a549b850c7e3a620"
"figures/ot_profilenet/figure_2/data/panel_c_pac50_predictions.csv","937707","ddccd8364b3d9575d3361016f3bac150aa4ed405efff9f147c7bfff06009be03"
"figures/ot_profilenet/figure_2/data/panel_d_model_comparison.csv","1999","21e9a6414971b2e1e98921ca0fb935f8b65868594d40700dbe8f605e1821444c"
"figures/ot_profilenet/figure_2/data/panel_e_f_herg_external_validation.csv","1803","270ac9df0af474db491bc8013dbea25410f236a07d91660f7df054d85329cd48"
"figures/ot_profilenet/figure_2/outputs/figure_2.pdf","139567","e2c1702bfb5841232639e39d0f7bccd89f166e4703962a8526f9ac8317ec95b9"
"figures/ot_profilenet/figure_2/outputs/figure_2.png","543051","03b883245e876007f69be78038c2e0c7a102cfa468cebcdb6581cc1c2693aa6f"
"figures/ot_profilenet/figure_2/outputs/figure_2.svg","317409","8dcf0de6969840de3909f3f7d182e05ac0667333dbdb1711121291ef87509741"
"figures/ot_profilenet/figure_2/outputs/figure_2.tiff","95397518","2ac40baa6efffece37c22ef8992a82cf28d215f8e701b3e794bb0d31295e7dee"
"figures/ot_profilenet/figure_2/outputs/panels/figure_2a.pdf","21840","f4f9cae8a3ef84aed1fe792bcfba46a535ccc409bc77803d0c079cbe91aebcdb"
"figures/ot_profilenet/figure_2/outputs/panels/figure_2a.png","66597","43fe8826e9b8ea7f8de39f2e94bc663fdc6e49058570204305e804be7eeb97dd"
"figures/ot_profilenet/figure_2/outputs/panels/figure_2a.svg","7198","bdb0d54f096bff5f8828a4a57d8ba0c32f07cc347c53dec93fbf0ac52fdc4e3a"
"figures/ot_profilenet/figure_2/outputs/panels/figure_2b.pdf","40737","05bf5c9440018f3dffc286ebaf72782fbc7045b9e116b48ee765d2db5dd0d6c4"
"figures/ot_profilenet/figure_2/outputs/panels/figure_2b.png","46154","6aac6375afbfed16b34e3af5e5d1b289514eddacb5e6b158479cb4ba079bf67e"
"figures/ot_profilenet/figure_2/outputs/panels/figure_2b.svg","28593","ce20461406a4608d9bed7db4b3b6a94c54b624ab09736115f948ad5857f781a9"
"figures/ot_profilenet/figure_2/outputs/panels/figure_2c.pdf","150064","56e86fe7af2043b87d16763b362fdc59a5e33f55808c01aad46367cd6fd16a7e"
"figures/ot_profilenet/figure_2/outputs/panels/figure_2c.png","375157","3953c631b68de40068f0678f5a2de18bbb8573b3f394c24020e3a1333ebcfa78"
"figures/ot_profilenet/figure_2/outputs/panels/figure_2c.svg","306564","4e1a9e2509d35729226d7562eea6b83d0e163dd66cdb7987008b61b78a7c7603"
"figures/ot_profilenet/figure_2/outputs/panels/figure_2d.pdf","28363","42a4193f6b9f495f2338d75bd9bb8bc99c0d7e61838375e5653d2771fe46666c"
"figures/ot_profilenet/figure_2/outputs/panels/figure_2d.png","64037","4276d0c8646232ea505a4745b2282a9590cafff824b39e2cd2575fcfb2f5760c"
"figures/ot_profilenet/figure_2/outputs/panels/figure_2d.svg","32223","aa13b3d0f949f7107f2f1d380a2122bb53fdf0b1762e8f7a01f80b0ce2189280"
"figures/ot_profilenet/figure_2/outputs/panels/figure_2d_legend.pdf","21815","305b0af864b6806c2002ded1c5f7393d972810c3b97afaf59dd7c0f545cf6482"
"figures/ot_profilenet/figure_2/outputs/panels/figure_2d_legend.png","21030","3753e507c360a9298436fcc2b322df0005cabb49a706449f61c0397e057a5c3b"
"figures/ot_profilenet/figure_2/outputs/panels/figure_2d_legend.svg","3152","1f58a90f36dcd6db3f1d254735ac3a54eedb8ae3d6ee68a8d10a9fc0309e398a"
"figures/ot_profilenet/figure_2/outputs/panels/figure_2e.pdf","39738","6d3f2911949a18061c49c4e18c50dff6f50f8a38ffd202b0b3150c52cae5fc00"
"figures/ot_profilenet/figure_2/outputs/panels/figure_2e.png","65740","46bed5e9c44a76a6b6dae40a39123a3bbf7d33210d3fe707e729c2bf4540f52b"
"figures/ot_profilenet/figure_2/outputs/panels/figure_2e.svg","13742","8380236b8a8bb43e5e6298bbb5ce3a8ef362b5b4f804b15e360cd51a3ccc522a"
"figures/ot_profilenet/figure_2/outputs/panels/figure_2f.pdf","45200","b6c29f3e1f4ac46f7169173675b2cfe28b0bb92963c937f745dc81b0bc88b594"
"figures/ot_profilenet/figure_2/outputs/panels/figure_2f.png","54603","a7ab7e0ed317f639a9ca3b819f4ed94980f69c0a0bc7205567e754461637899f"
"figures/ot_profilenet/figure_2/outputs/panels/figure_2f.svg","12993","c81cc425ca35b9f22408f9e5771032c64afc3535d66e4e3055fe238f4afd1f84"
"figures/ot_profilenet/figure_2/params.yaml","1205","4f87d4fc319cd46a9181dafa8680d230627175b096f58010f8ff367409c71016"
"figures/ot_profilenet/figure_2/run.py","396","27d37fecb45aa6fb9e4ae404ad92e3aed1530b4e73273e54ea5a03e345cb89f4"
"figures/ot_profilenet/figure_2/scripts/compose_figure_2.py","1389","a287794c6a47965af4cb84c0fc8fad57b266da5664cf433f9d7bd9bd28365e4e"
"figures/ot_profilenet/figure_2/scripts/plot_panel_a.py","2343","215cee21c6a1138f4b36e4b6af76c236351617b0e13a27daace70e015772e095"
"figures/ot_profilenet/figure_2/scripts/plot_panel_b.py","2365","3b3735cb75afeee1632516ffb4763ada3847050da8ccca917fc5179c14364f21"
"figures/ot_profilenet/figure_2/scripts/plot_panel_c.py","2602","8abc297527be6fbc3c4757db7616ec01bd41d115c0a45fd0185306c1dbb20640"
"figures/ot_profilenet/figure_2/scripts/plot_panel_d.py","2306","3f1e0111a031576581d831b08805fef7e5bfd84e5b3344f19eb06b768ddf94e0"
"figures/ot_profilenet/figure_2/scripts/plot_panel_d_legend.py","1420","77bc3b46c7647ad3e21745b5b8b8077acb01e8983793d1d7a1c8c4ef2a095bc5"
"figures/ot_profilenet/figure_2/scripts/plot_panel_e.py","2372","fa9213502f8948bd3f558cff6455ad30da931b13818e419cac8fd554add1c4f3"
"figures/ot_profilenet/figure_2/scripts/plot_panel_f.py","1670","fc8cc6008a0dce35c7f7ff6a56be129d1ed0a1fd78e6f1ca2510a387a6943be5"
"figures/ot_profilenet/figure_2/scripts/render_selected_panels.py","471","7641bcfe815eb65e2f37b4bbd522bc8b34ba4cc8c3060058a88dc8b8c7a7f396"
"figures/ot_profilenet/licenses/nature-skills-Apache-2.0.txt","11558","1eb85fc97224598dad1852b5d6483bbcf0aa8608790dcc657a5a2a761ae9c8c6"
"figures/ot_profilenet/prepare_source_data.py","6079","8b7c3005fbe2e1a3ac41097e028b103cf39662000207c20acc43fcb8a868b0be"
"figures/ot_profilenet/provenance/source_code_mapping.csv","2211","86fa7d5d6a61ed036449dd0eeaa0a56289c60719a9c392e6ec6dbfb8b45e220b"
"figures/ot_profilenet/qa/consistency_report.md","3851","2992eb089e13a466e6360b211a45e885e32689dd8fe40e02c473f3af2161cb60"
"figures/ot_profilenet/qa/figure_table_source_manifest.csv","2070","de74aab750e47815b43842932a1b5d9130d494b556c8794999de9fb0393a6927"
"figures/ot_profilenet/qa/nature_figure_preflight.md","1161","a5f64e0fa59a253ccbed12aa5e8ee8b4add3e2bc2e4692206d9808532d176e2b"
"figures/ot_profilenet/qa/reproduction_validation.json","19820","eccaf20405d7c28a41e51037b9d99c28df0abfc7d619a64202ed37409f7f804d"
"figures/ot_profilenet/qa/reproduction_validation.md","11694","0dffdf95927afc586196d95a07ae2355e703fbcaff0f9a2cba9a1763b5b89c2f"
"figures/ot_profilenet/qa/sha256_checksums.csv","21677","4fbc87811faffcbb70825d7fd2d518db918233813ffc7002bcf1380d5ec45258"
"figures/ot_profilenet/qa/supplementary_table12_hyperparameter_audit.csv","1213","80a07697721c4eca4ba9dc2666951662d34f120253f76e53c98f4b4bf79e3f37"
"figures/ot_profilenet/qa/supplementary_table13_hyperparameter_audit.csv","1634","031aaa6bf323c2291cbabac6cc13bb9b38ef6ff2edd6e932b220d1e63d577749"
"figures/ot_profilenet/qa/supplementary_table1_consistency_audit.csv","9076","2ac0e55b055d7fa8a2bb354971368309d1dac7c11a7e96be4426d375d101cb1a"
"figures/ot_profilenet/requirements.txt","113","a59d65d982bcdccf739cf3d284b2338f785e51a94099735f442433525dd7ab2a"
"figures/ot_profilenet/run_all.py","2895","0c20e360986324a1dcc3d51c5e7854e09710c75afa853f6a43adb236fb46d07f"
"figures/ot_profilenet/supplementary_figure_2/FIGURE_GUIDE.md","850","84fc9e4489fb900a89a72bb9cc1e0d0fb6e36500b64f828b6f681e0028fc9563"
"figures/ot_profilenet/supplementary_figure_2/README.md","608","b13e462a7db100be06724887241ff5524f24b17873e6b438b741c8d931e5e775"
"figures/ot_profilenet/supplementary_figure_2/data/panel_a_protein_sequence_lengths.csv","161403","dea20f8284a79859d993569aef22b287cc03a6d3533b9eefbfe555615b12474d"
"figures/ot_profilenet/supplementary_figure_2/data/panel_b_compounds_per_target.csv","80614","0cbdea39d62fef3cd63f3688346ee9ea04d9e96c97f5417d61ce9ff555a84215"
"figures/ot_profilenet/supplementary_figure_2/data/panel_b_counts_raw.txt","109058","7117ee0cbd0c46e16913d5153b286796c3ba9d95a0c8934290ac091594f8a0a9"
"figures/ot_profilenet/supplementary_figure_2/data/panel_b_expected_schema.csv","26","7f175e5079372d74a092b9dd0b3a7234310c29c8f6b8e3069a81a72083029b4d"
"figures/ot_profilenet/supplementary_figure_2/data/panel_c_class_balance.csv","153","4282a6fe39bcabb13d8fdcb30224e39ec8c41d47752c492894359210d9ceee5f"
"figures/ot_profilenet/supplementary_figure_2/data/panel_d_dataset_summary.csv","348","f91e2ba26445ab593d020a05b4880115ce7528668f3d527725a480f5dd460bbe"
"figures/ot_profilenet/supplementary_figure_2/outputs/panels/supplementary_figure_2a.pdf","25884","84aa03af76893d9e6ad88e1b329eab4fe780f8b46a10ada68678e68219a02fae"
"figures/ot_profilenet/supplementary_figure_2/outputs/panels/supplementary_figure_2a.png","49109","4b6fde629e49b8d6d84491e790d9bceed77e93826d668f466c179949c7bf41c8"
"figures/ot_profilenet/supplementary_figure_2/outputs/panels/supplementary_figure_2a.svg","26207","46c6a17f2ebe75d07a24f2aa139a73910d5f1137b8d5083cd9764aefe7dab6f0"
"figures/ot_profilenet/supplementary_figure_2/outputs/panels/supplementary_figure_2b.pdf","24119","6e6d393d7447d4903edc985998de40ad037b6cfdabc9c14ff4896a7a4e8a4c52"
"figures/ot_profilenet/supplementary_figure_2/outputs/panels/supplementary_figure_2b.png","39891","92a394bcceef98601e23274a2b0f4d5e09e437268c42491f74d8f94f2d89c157"
"figures/ot_profilenet/supplementary_figure_2/outputs/panels/supplementary_figure_2b.svg","21729","69da644438fb86fa8d3c5f8deee443936590224139f718f123e39a189fc542d0"
"figures/ot_profilenet/supplementary_figure_2/outputs/panels/supplementary_figure_2c.pdf","22496","a66d80ecfbf730b84c9bd30ebb7d988d7ff00f698a370027e8bf1571227dbbf1"
"figures/ot_profilenet/supplementary_figure_2/outputs/panels/supplementary_figure_2c.png","42076","bc0bb549445b72d3289376974d98bd1ec2c8c6c811444cbc68f0e550620b1fd7"
"figures/ot_profilenet/supplementary_figure_2/outputs/panels/supplementary_figure_2c.svg","8898","fd186c73988eb89db49b1a9ece3ca20992aeb7a39d1a56db7e3ad168e1e927c5"
"figures/ot_profilenet/supplementary_figure_2/outputs/panels/supplementary_figure_2d.pdf","34800","f975f3917286c34934b6e010c2ef0cf86f0bdc3c3890d84c79ee469c65123d93"
"figures/ot_profilenet/supplementary_figure_2/outputs/panels/supplementary_figure_2d.png","38058","76b7011c41aaaa48f8bdf960dc8da24a976798fc45ca19e2a6e94129a10b73fc"
"figures/ot_profilenet/supplementary_figure_2/outputs/panels/supplementary_figure_2d.svg","14546","9c65815aa025dfd873e7f614ef1c9b8d7ade2c6c4b59013e4e6218481b95a7ec"
"figures/ot_profilenet/supplementary_figure_2/outputs/supplementary_figure_2.pdf","41566","4c0d07a554ada2bc6d0728230ad3faad9cb540485760a0b2b04afe072a7da995"
"figures/ot_profilenet/supplementary_figure_2/outputs/supplementary_figure_2.png","167837","d69b21535df85143c43ed074a2f2121381e3afef59ebe15235f122dbe1c82c14"
"figures/ot_profilenet/supplementary_figure_2/outputs/supplementary_figure_2.svg","68636","3742794e2272c974eb95067de77ba59d419f2ed3cfdf8e5a2ebc46b462d821ae"
"figures/ot_profilenet/supplementary_figure_2/outputs/supplementary_figure_2.tiff","52314958","33f5b5837ee908d5b4fe2b8d3269a55c621edca7d91eb1c26d4d39ff44c35036"
"figures/ot_profilenet/supplementary_figure_2/params.yaml","189","806c11d1742c6927801de0475e8b927e64a7166408e531aea74a5f54bcf2dcfe"
"figures/ot_profilenet/supplementary_figure_2/run.py","380","44adf9493e0a305562738727b2710edaa101529d6acbeef0ac075a168e981a2a"
"figures/ot_profilenet/supplementary_figure_2/scripts/compose_supplementary_figure_2.py","1066","bb30c0a1e27b44f81ad76acf738a173c87bd982a7108e99ff985febdd9616ddb"
"figures/ot_profilenet/supplementary_figure_2/scripts/plot_panel_a.py","1872","81b0f28c7d65360daabd78705c0ff51f58d81c356b0d670cfbf0a73c9ffc3e81"
"figures/ot_profilenet/supplementary_figure_2/scripts/plot_panel_b.py","2392","0ab11589aee7b4157ddc47771d8db4e183ea84beaefa45a030f72338b9d260d9"
"figures/ot_profilenet/supplementary_figure_2/scripts/plot_panel_c.py","1912","5ce9e037b95e256e302fe75a484b7e4af7c5d5fdf0b62a4a9b1488e112ea46b6"
"figures/ot_profilenet/supplementary_figure_2/scripts/plot_panel_d.py","1693","24972aa659777ad2a7ebf342d61164d8acc6f908d25b4134d8e7f0eb54fdfcc4"
"figures/ot_profilenet/supplementary_figure_2/scripts/prepare_panel_b_data.py","877","4a94ccc82f4724706ed051df0ca643b682c21534f6fcbeac45945ee5a162ed23"
"figures/ot_profilenet/supplementary_figure_2/scripts/render_selected_panels.py","302","ee9eb2504aa245c1e001bc77edb928bb04a6f85440ebef55df509918dd74f75d"
"figures/ot_profilenet/supplementary_figure_3/FIGURE_GUIDE.md","2269","4ea2ff672b6720a517b0bd5a3bff33a850097b5672c31c39695c6f2d48357486"
"figures/ot_profilenet/supplementary_figure_3/README.md","534","e62ad80c69d73b5f25df259c32ff4764b695e21c8a984820edb74645535dba83"
"figures/ot_profilenet/supplementary_figure_3/data/panel_a_pretraining_loss.csv","4199","2fe4d33d7cfb19e88ce57ded446d80405eda334b9b80c813e289987521c684b8"
"figures/ot_profilenet/supplementary_figure_3/data/panel_b_auroc_metrics.csv","950","6f3238fae17016e9350d340338db2d817005f195f52be3db2ecfd8c4a575c741"
"figures/ot_profilenet/supplementary_figure_3/data/panel_c_f1_metrics.csv","948","b58e7b13fe48fcbdffad1092f09939255f8af44c1ee8fbf652f2c91228e60e27"
"figures/ot_profilenet/supplementary_figure_3/data/panel_d_mcc_metrics.csv","947","a69a5f20184982ce3918871dd98f8dd1ac212b42d99c08d14730ee9ff38dcb58"
"figures/ot_profilenet/supplementary_figure_3/outputs/legends/supplementary_figure_3a_legend.pdf","14498","45037a2b4ca3785fa6db74a8e9ff9547a0a5715f4b49ea3d38b43f0e5c75118b"
"figures/ot_profilenet/supplementary_figure_3/outputs/legends/supplementary_figure_3a_legend.png","6207","5b0116248d5ebe80a453660b2e4e699a113e0d8ba40c1d01123e9272a4458ecd"
"figures/ot_profilenet/supplementary_figure_3/outputs/legends/supplementary_figure_3a_legend.svg","1945","084b0eac07ab3c77fbf6d3240564d96fe689a082e66ed2e2f24779b08e8b0a05"
"figures/ot_profilenet/supplementary_figure_3/outputs/legends/supplementary_figure_3b-d_legend.pdf","19399","59d79a332ef79744a7b8f073fccf55c70a2473caa049778d3d4851f3537d481b"
"figures/ot_profilenet/supplementary_figure_3/outputs/legends/supplementary_figure_3b-d_legend.png","14428","310f96c7b6b10dd346b1b73e1967fbb5fdb80f64393b676273fbf2514de04230"
"figures/ot_profilenet/supplementary_figure_3/outputs/legends/supplementary_figure_3b-d_legend.svg","2335","7af206feb38b0b95bf48f159feca2981044bb7da2a6c0cc6cc2959d88046d2bf"
"figures/ot_profilenet/supplementary_figure_3/outputs/panels/supplementary_figure_3a.pdf","24298","42e0b32512dfdb1a4f1c4fd813873cc92b28b7c664942027c90c54327ff3ae37"
"figures/ot_profilenet/supplementary_figure_3/outputs/panels/supplementary_figure_3a.png","63006","09795ba238b15c726ca3228dd3148ef24b36ae03bf79ddb75b9a86f939138c26"
"figures/ot_profilenet/supplementary_figure_3/outputs/panels/supplementary_figure_3a.svg","15536","36178bbe5c209a36d8722557708f6bd8605c00c885a27c24243ce30e8b67fac5"
"figures/ot_profilenet/supplementary_figure_3/outputs/panels/supplementary_figure_3b.pdf","26462","be8b0b4186d763e61de536931576ae3921f580e57809bef881bd1e871b7efbf1"
"figures/ot_profilenet/supplementary_figure_3/outputs/panels/supplementary_figure_3b.png","51450","7d5c01f38437e1c0360e4b5102f0f44d7c6305e4073916d9b8f5f9786541f5f6"
"figures/ot_profilenet/supplementary_figure_3/outputs/panels/supplementary_figure_3b.svg","15307","5671262f9b9bd320b10a11e044b322a67ae9c97441974f66adc36cfe75653927"
"figures/ot_profilenet/supplementary_figure_3/outputs/panels/supplementary_figure_3c.pdf","25836","4724d1a85313e0b2c5e4ff66b93a3ae706f822fde7d76199ab634120578b84c3"
"figures/ot_profilenet/supplementary_figure_3/outputs/panels/supplementary_figure_3c.png","51149","b0a87a5534bdd72a7f5f613ef63526dc889329577e85c041199d49fbb4bde78a"
"figures/ot_profilenet/supplementary_figure_3/outputs/panels/supplementary_figure_3c.svg","15312","3d91d5db011234f52f83723d6f2cc27594484e8d94b3957d738dc8cb66c91551"
"figures/ot_profilenet/supplementary_figure_3/outputs/panels/supplementary_figure_3d.pdf","26326","b3d8fbbb09e5a61819e44f58522a54a70550e70e93775c146eccf764f343952b"
"figures/ot_profilenet/supplementary_figure_3/outputs/panels/supplementary_figure_3d.png","50389","bcbbfbc7acbf543d37d96c87e9ea10aa29752e57124b983b51a84f91ca80c2f7"
"figures/ot_profilenet/supplementary_figure_3/outputs/panels/supplementary_figure_3d.svg","15303","df7e49d943f387d10fe7f6896c271fcbabd82ea8187d4d9b714d57d3ba0b5eaa"
"figures/ot_profilenet/supplementary_figure_3/outputs/supplementary_figure_3.pdf","33959","f16fdd038063b6e739ed8463d00359692c21ce94c03c09173315a1659768a92c"
"figures/ot_profilenet/supplementary_figure_3/outputs/supplementary_figure_3.png","192478","34a6b002cfd6abe05f899e4fe0f860c471bbc233bbb1eb9e627e299688453c00"
"figures/ot_profilenet/supplementary_figure_3/outputs/supplementary_figure_3.svg","57534","379447639131d68caab1c0132539d2f25e79d7324dc12db94733afc530a3ee18"
"figures/ot_profilenet/supplementary_figure_3/outputs/supplementary_figure_3.tiff","54317534","656052a67cbe944cfecc3eac99799d02e0156ef5dffcaf77490775be9ea444f0"
"figures/ot_profilenet/supplementary_figure_3/params.yaml","379","67b941a29dcd0d3ba90792776b339deeca8e54b60aba9b3e6258fca14c511032"
"figures/ot_profilenet/supplementary_figure_3/qa/academic_figure_qa_report.md","1184","3d33803a53c00229f374cc942b69f205c1168e98f231c251d27481bf8e3f90d4"
"figures/ot_profilenet/supplementary_figure_3/run.py","405","fb20eaae63f10624bc883190dc5bd3a6574fc13e3dccefbbabb7bb2f32c88273"
"figures/ot_profilenet/supplementary_figure_3/scripts/compose_supplementary_figure_3.py","1106","10fa1ea83aa2ef0256590d5b43d6a6eca5594251b662f0b0a6430abf69f60a19"
"figures/ot_profilenet/supplementary_figure_3/scripts/metric_panel.py","2156","513d4ae7699fd7385079d374876a8b102ed701e76d0ff7507197b767e94f1725"
"figures/ot_profilenet/supplementary_figure_3/scripts/plot_legends.py","1699","db6db4af496140279614d8018a285757747154c162956649041c3d24dc258603"
"figures/ot_profilenet/supplementary_figure_3/scripts/plot_panel_a.py","1779","cd674b6b84b43d58d390c8dccf6f2400c7802f0cc4b3827f8bbe7f4a7b6ad0e7"
"figures/ot_profilenet/supplementary_figure_3/scripts/plot_panel_b.py","976","6a2245e4c85bd2781c95c49429fb1e6c2d8359110f7e29636cfe824ade9326b3"
"figures/ot_profilenet/supplementary_figure_3/scripts/plot_panel_c.py","976","9c5a91650c01a42c5123cfbee2a7264322f216273deb6c6610b0349e29416149"
"figures/ot_profilenet/supplementary_figure_3/scripts/plot_panel_d.py","997","d62cb46c591d632565a57ad02e25f8a898bf59357359b33ceb7aa16a480640cf"
"figures/ot_profilenet/supplementary_figure_4/FIGURE_GUIDE.md","1323","3be88b7314f68f6c4876f54d85c3d1bbe75920dcfe3c2ec66fa94654902f126e"
"figures/ot_profilenet/supplementary_figure_4/README.md","707","d1e127c44c67983a7ae5e63d7aec17cc83424535039a6f0203ff4acf87bf958a"
"figures/ot_profilenet/supplementary_figure_4/data/panel_a_gpcr_pk_predictions.csv","388591","47698ff6396937ed0c849570519909a669078fab1e42d27c9d23bc177cfcf87f"
"figures/ot_profilenet/supplementary_figure_4/data/panel_b_ion_channel_pk_predictions.csv","15237","c71adb305b9068325820428aafa6bd6d874e90c41ea0b66ba52a66f99f7809a0"
"figures/ot_profilenet/supplementary_figure_4/data/panel_c_enzyme_pk_predictions.csv","28860","6463249a262c38b25bf201bb5080e88983c4efdc304ed71e2b212de1a43d3da6"
"figures/ot_profilenet/supplementary_figure_4/data/panel_d_kinase_pk_predictions.csv","50","070d14427b98e629dd300d8fe194550993beba1cf5ca673c63dfabfd36ff8afb"
"figures/ot_profilenet/supplementary_figure_4/data/panel_d_kinases_pk_predictions.csv","27620","7fcfcfeff74c382b7240f7ba3d8cb889d6746f944f0b9474379cd2b3dccec509"
"figures/ot_profilenet/supplementary_figure_4/data/panel_e_nr_pk_predictions.csv","13927","82b5c1e2df0201ec667df4927c98083dd9296d61578a86ae6fcc1922da3b5080"
"figures/ot_profilenet/supplementary_figure_4/data/panel_f_transporter_pk_predictions.csv","40106","6c286ebd9682007e3d60c6aa500a08fd30b871a555f3c705387cb6d4c0794803"
"figures/ot_profilenet/supplementary_figure_4/outputs/panels/supplementary_figure_4a.pdf","62260","ee3bd31b5af059f0c46e99c0c238a317f7460015207607e0d9a23f1edafe5bd2"
"figures/ot_profilenet/supplementary_figure_4/outputs/panels/supplementary_figure_4a.png","104931","fb68f3c3f2522baf5eb43f7f682332f9dae3ded7e1015276391bc336e1a225ee"
"figures/ot_profilenet/supplementary_figure_4/outputs/panels/supplementary_figure_4a.svg","76152","361c6dacd485a9dc78645863315f834807ed78c81633ff53592b326fd0622d54"
"figures/ot_profilenet/supplementary_figure_4/outputs/panels/supplementary_figure_4b.pdf","53524","5816538eae4ad6f25fd3a05a9ae879c5346b85899d769cea7295ec47a401ba21"
"figures/ot_profilenet/supplementary_figure_4/outputs/panels/supplementary_figure_4b.png","76161","da01d85c090b84c447535b7612113411ece5fbca572a6dedf10479073aa62593"
"figures/ot_profilenet/supplementary_figure_4/outputs/panels/supplementary_figure_4b.svg","53684","044ea183a87b2d66ce60acdb31f76bd35a1b04755dda7078c23ee3e448393778"
"figures/ot_profilenet/supplementary_figure_4/outputs/panels/supplementary_figure_4c.pdf","54558","2bcb8e56252f3865e6375d90b55a5385f048e3446152db8f2937b1efe23affb3"
"figures/ot_profilenet/supplementary_figure_4/outputs/panels/supplementary_figure_4c.png","81492","cbb6f4d0922b30c24b7a68049840d7b79778d535bbec8b89d433f9127038986b"
"figures/ot_profilenet/supplementary_figure_4/outputs/panels/supplementary_figure_4c.svg","58997","ffc5e46ce979afceeeacd976f7717ede5f6a2328bf5000c9a787e30ddb461a5b"
"figures/ot_profilenet/supplementary_figure_4/outputs/panels/supplementary_figure_4d.pdf","54293","78ded3c415b03a978ff3d637c6834504fb23eddc81e4b392a04858942dbafde4"
"figures/ot_profilenet/supplementary_figure_4/outputs/panels/supplementary_figure_4d.png","81733","4c7307d67232448a23a31d9cb175cfe3f246aef397ec16a5bbfa32a05097eaa2"
"figures/ot_profilenet/supplementary_figure_4/outputs/panels/supplementary_figure_4d.svg","56794","04451f3feda3b17d6e9693eaa303e2fdcef0f446243fa59719465269218d9bf5"
"figures/ot_profilenet/supplementary_figure_4/outputs/panels/supplementary_figure_4e.pdf","50853","ca0174d117e4bfd82e8a9e950c9b842db199534321bc55fb7121cebcd211dcd7"
"figures/ot_profilenet/supplementary_figure_4/outputs/panels/supplementary_figure_4e.png","71955","9449e1b08409176083b6135e31362f79fe5f6fee84dbb1c1f95415df01ac327f"
"figures/ot_profilenet/supplementary_figure_4/outputs/panels/supplementary_figure_4e.svg","52017","b494bb821b38b126868552913d8caf2ba55888e1e21858e5265715e8fc949510"
"figures/ot_profilenet/supplementary_figure_4/outputs/panels/supplementary_figure_4f.pdf","60266","d2c98f0ea398babbe2bab99f9f5d1033af3b17e12461f879a050819d61236a2b"
"figures/ot_profilenet/supplementary_figure_4/outputs/panels/supplementary_figure_4f.png","91759","8f6a0f060d380f1e3f6968730f1a9c74d41b4d7b047bef3751912f25be8cc97c"
"figures/ot_profilenet/supplementary_figure_4/outputs/panels/supplementary_figure_4f.svg","68465","93cf6a6d0a9a4a6c49dbc3f42db2d3c17bc9132dbca8fc2901e8c24fe884992a"
"figures/ot_profilenet/supplementary_figure_4/outputs/supplementary_figure_4.pdf","143559","774ac6f4081e6c3f95716d84c2f89d01a1ebb6ba62308d0b9cd4a20ee42614b3"
"figures/ot_profilenet/supplementary_figure_4/outputs/supplementary_figure_4.png","346816","4081c542a0c785304458f75cec2ef907ab497889f24f5897f17f01ea40a55754"
"figures/ot_profilenet/supplementary_figure_4/outputs/supplementary_figure_4.svg","297827","3ef419a5d35743161b0ad5da520616f821c7fa7cd6d58a1e4118411c13afa091"
"figures/ot_profilenet/supplementary_figure_4/outputs/supplementary_figure_4.tiff","26767326","fa4bb565fd6498d36f482dd55b98a3e3c8d9df09da5335f9bd4ecdbc605f6d9e"
"figures/ot_profilenet/supplementary_figure_4/params.yaml","640","7e16dcd435115fdae4f43209599dd250442b64e5e34983ade680813e325695b9"
"figures/ot_profilenet/supplementary_figure_4/reproduction_report.md","1841","2522bf1ded4953350271faed7de742107931d56b687a48e6f99b19394e803591"
"figures/ot_profilenet/supplementary_figure_4/run.py","424","ca77bf7fe7ccbf1af2b97ad7bcb523a0a2d42a335904f76bdf038f141472fa43"
"figures/ot_profilenet/supplementary_figure_4/scripts/compose_supplementary_figure_4.py","1631","d54349afb00d990c89fef10ccacc2bd5b77b18c8b44cb2ac1ef514d2b85f1926"
"figures/ot_profilenet/supplementary_figure_4/scripts/plot_panel_a.py","926","ffc90fe2aab58bdfacdd9e480b56aa7278eb2b7683b8b7d816dba42294c6d8a6"
"figures/ot_profilenet/supplementary_figure_4/scripts/plot_panel_b.py","947","032eebbb0096b23f7713e6ad94f06fdb1d2085c792bacbf4d01fa508654b270d"
"figures/ot_profilenet/supplementary_figure_4/scripts/plot_panel_c.py","932","c14b3da71d2108f263140ca1b8f104f425828df7f4ae3dbb8175df14719984a7"
"figures/ot_profilenet/supplementary_figure_4/scripts/plot_panel_d.py","935","f15873bf20f8ca5279d861e1f69c4d0ad5280e2cd517e6003d8155384d1d9b6d"
"figures/ot_profilenet/supplementary_figure_4/scripts/plot_panel_e.py","934","d639a8e9c92940d620caed961f53252e5fc7851ee11f9ac0f65f73b7871f3e6a"
"figures/ot_profilenet/supplementary_figure_4/scripts/plot_panel_f.py","947","24e0e890baf194ade0a408f8183696d034df017c4140d969f1060ba7695ee9e0"
"figures/ot_profilenet/supplementary_figure_4/scripts/regression_panel.py","1570","aa35719e72749e6b0d0d406e6e059c9159cc7ca513979f7c0271af7b2d956a26"
"figures/ot_profilenet/validate_package.py","6427","7e87e4337dd3c43fb0a8fe852ec34dafa4e74626ebba7ae342c8497664c2eacf"
"paper_figures/figure.pptx","7171215","7b8a15a2e8f3dfd2d95d1278b933830fc2d493eee32070171e60be380631d19c"
"paper_figures/final_tiff/Figure_1.tiff","3046626","fefaf7d3deaee7a91841ed773762c2bf01205452c3a4f9599a1861d45d05a1cd"
"paper_figures/final_tiff/Figure_2.tiff","5097226","e68bbb7f408f52f18c87dfb3a0757c8c9597fc2dbc8fa93c0f9cc6055bd5f245"
"paper_figures/final_tiff/Figure_3.tiff","2100992","2d6e433a1433f692f3db0f4c68cb7c9269583b52efbcae017d61e6d7f4277366"
"paper_figures/final_tiff/Figure_4.tiff","1260846","9b29d3fb48c01488e9a638652951731e995c09d11bd82d23f31fff8512f4bc90"
"paper_figures/final_tiff/Figure_5.tiff","2907994","af2773d77868fa1abf3c60a6a4643f1313676b0d52ffc4fc7e6f7e91ca78e989"
"paper_figures/final_tiff/Figure_6.tiff","1031696","a14829f649eff05cfee81127ecaba55f0468e7a3950f774d174d07145aa48d6b"
"paper_figures/final_tiff/Supplementary_Figure_1.tiff","1006044","0773f19d0a666b28fd3e996f2098f0ea615bc77619ee61383d80dbe7310a087f"
"paper_figures/final_tiff/Supplementary_Figure_2.tiff","470310","6011fdfababcc60fc5d76d438b54aba98757019adb9dcd1e311129852cdb2fda"
"paper_figures/final_tiff/Supplementary_Figure_3.tiff","480538","9f0855f16c01ab18418b8afaded1277a5e3b63582f63eb2dbe14654109ba1235"
"paper_figures/final_tiff/Supplementary_Figure_4.tiff","607292","d383bb46381fa850d805ec44bfa58d376c4cf394bc82ef3dabf593c5700fec40"
"paper_figures/final_tiff/Supplementary_Figure_5.tiff","686360","cef44e4a40d0be68af4b35156c3a2c305dcd9d77493ba4f75231ec26b104e960"
"paper_figures/final_tiff/Supplementary_Figure_6.tiff","6889816","d6b6ebc43a639cc3d017ebca7b3339dd153b8e5f54e42b73d240a2a377f3aca8"
"paper_figures/final_tiff/Supplementary_Figure_7.tiff","661382","8c30b3f8ff05ec69cdca8f979b4b52f4f8ce86476e1cc8840339ee4ec05347cd"
"paper_figures/final_tiff/Supplementary_Figure_8.tiff","4157856","c1afef0922bc9c5d385b5086dd8960570c958018afaa68c5b982b2a64c0a5c3c"
"paper_figures/final_tiff/export_manifest.csv","1538","da3f7269499ef8fd67d6585ccc538bab4e09d78ec473597635ed439b19cce8ee"
"requirements-figures.txt","128","4520b10a89d1c9075a7315c5b472a181faf3462ff3a120e6ea0bc34f361a84e9"
"results/qa_replay_20260818/adr_predictions.csv","15112","5a1f5eca094c5049bdd096d988aafb868e12a6118bbe1afc0bd27a7eb1c03380"
"results/qa_replay_20260818/input_standardized.csv","485","f51ca4e37fb3cb18bc92f8fe57fc3b99fc48f2b747bce57cf6b6cb1e20f085e7"
"results/qa_replay_20260818/report.html","34159","4c8ef3795350d5b7eb1ad523918e6293c48394586c2f0d3670b01afdc2cab8ff"
"results/qa_replay_20260818/report.json","692467","f49df753875952dd358888d4dc2b3212bbdcc1a9c8c69251a746bba4f8dc3285"
"results/qa_replay_20260818/target_attribution.csv","106016","92618dd06d2e9534b0f1d6ca714011b371b702e383b831e890b9ebedb85dff3f"
"results/qa_replay_20260818/target_margins.csv","104196","fab55a0a6f1e2aa40e49a498d6eb72357f637d5542bbc2d27a62780bf566d8ae"
"scripts/build_profiler_reference_data.py","7445","6c3c90ed64d416bda35dea36c571844bac6deb524d2abf9381e2562ebdd4cc3f"
"scripts/build_release_manifest.py","1624","d1f252c66f339cee191b6704da901fc5f5e7e0878591e5b7b2d2870035cf0cf2"
"scripts/check_weights.py","1909","199d5c1671ecf33a6347ca0f5aa97f856a0321aec11b5d4d6cbe139acb1f0465"
"scripts/export_target_reference.py","1102","39c74a5a4018bf2a76f7574231d1deece8ea6e50f460c13788ebfb149bc61a5f"
"scripts/package_skills.py","1558","490d2fce26e1970508bed735a1c9426863b34666714111ac88f0b486f0fa17c5"
"scripts/predict/predict_dose_exponet.sh","573","4a2ffe99a207048c355d89c6917f08a6e088ed2bdcc14ec49a6cf97509248d68"
"scripts/predict/predict_dotsafenet_clinical.sh","430","fcaaa589e2dab351ed8474d9627078eb82724d6df895682cdff557c5ba568d55"
"scripts/predict/predict_ot_profilenet.sh","433","3303b98cab0ebb4506bc5389e8168f5604c4c80071fe5c926ff08dc9b436b470"
"scripts/predict/predict_plasmabindnet_fu.sh","435","4275cd47ebba45e0fd850fbe83eb42fcf4270644d3228cd4b009e68193e40269"
"scripts/profile_molecule.py","11587","4dd30ca9cd703db409a572c6700651f7e0298df45afbf93628008a4850856949"
"scripts/render_all_figures.py","2876","7121ae41d1e979430c9511ecb9b478dec070ddb3ba34af8965da70b4a8701ba5"
"scripts/reproduce_metrics.py","4184","9f72e9f2ef0cc380c9a51b1480757a0d7372e0d96a757ba43dd59602ca3c0bd0"
"scripts/run_tests.py","1185","57fa414f6707c4beeed55ad220ead0b70ad075c47f40dcd9325134d00b1012d8"
"scripts/train/train_dose_exponet.sh","519","dde8f201e01c4d800ac0c1a5d53e7b17125e20045641addba91da87affdadbee"
"scripts/train/train_dotsafenet.sh","1025","3d569401182e9b92b28aeac2521e32e5c2294c23b6f29bc02c9d56c9a3897d89"
"scripts/train/train_ot_profilenet.sh","973","2f5aef2280ec89fd1e47bcc87fb035ca03f8d98f9a44f46b32244e54989b6df4"
"scripts/train/train_plasmabindnet_fu.sh","844","fba690bede4121798ca5f1877b3de4e4eeb20cef57840fa477d1d7f992a6eee9"
"scripts/validate_release.py","8467","8ef8566c9a83f97b9535795786f266b73a6758a047d24fc814538f16e6a54b16"
"skill/dotsafenet-paper-reproducer/SKILL.md","2800","754678d5cf4d6a7625e1f7695794bdd871f5d9722d14833a52a6b5c0edda68f6"
"skill/dotsafenet-paper-reproducer/agents/openai.yaml","254","5c4b8b296602fa49cccb9f1cb180594d68d4f4884544123f23d172fb06b4a800"
"skill/dotsafenet-paper-reproducer/references/environment.md","720","83fc692423efd3cf392f02df37aa95f0d558868e17739022e179bb727137ed2f"
"skill/dotsafenet-paper-reproducer/references/model_data_contracts.md","1519","fbed57572096e4c15a0279ce5eb14214cc362d499b773f37d7bfd0a0daa88c36"
"skill/dotsafenet-paper-reproducer/references/release_contract.md","1388","672d09d63021ec8f556adb7200aee7adccd8c48fdb467ad6249d5c31463781b3"
"skill/dotsafenet-paper-reproducer/scripts/reproduce.py","3247","572ed2fabe15cc8b61af6385d9457708ef6104cfee08d93c46dc8d4433118435"
"skill/dotsafenet-safety-profiler/SKILL.md","2590","3bacca40798747a7ff0ab9e0a2f016ef9ba711aae5309d48648da02a2bc78e34"
"skill/dotsafenet-safety-profiler/agents/openai.yaml","257","05dae9249a19e142d4b362ad2fd406f335c33c91b1313dbb736cc03ccbab8312"
"skill/dotsafenet-safety-profiler/references/input_output.md","2189","45b4062429354098e71b0e4ff80d5293d799360d28cd55c61b80b07c14fd4d5a"
"skill/dotsafenet-safety-profiler/references/installation.md","1942","3444fd9d965e7f080119d5495620807489b2c083509bea716988f6ec657c3d82"
"skill/dotsafenet-safety-profiler/references/interpretation.md","1591","b9eb7ff3925c3028d0b6cc537f5acc6c30719d70307cffb41c298dc974706bdf"
"skill/dotsafenet-safety-profiler/scripts/profile.py","1521","2cb9cfaea74a71b1c9fab8428335e2703b5f1aa2c1aed42d123a648e80d659bd"
"src/dose_exponet/main.py","12972","274ff1b62691f653885b78b881af6d86c2d6acddf2b05ce61ac2f6533c1d46a8"
"src/dose_exponet/models/drug_pool.py","12973","5ab4cda000db17e33cce3881264a7c9cac7bc0d3e6d037eb0a8dd0c0db08bdef"
"src/dose_exponet/models/layers.py","20374","4d945b67a45a5d62eb8b37fedb1993b6afc118e172180b25be269f39228b7061"
"src/dose_exponet/models/net.py","29544","3b0db9da0cba717577b095974ca35139d84571f7240137a88b64fe68c5763e17"
"src/dose_exponet/models/pna.py","10499","596bf58aba21ee9ac4c4c6c59a3205d68253aa2cb8a5b382657479a0d2049786"
"src/dose_exponet/models/scaler.py","4059","b3fdf76cec89a7ff6e704089c8b1e7cb29bc068738f688433425ad9d775929e7"
"src/dose_exponet/models/set_rep.py","4917","ff6ab64d4005fbc44c6d96b2fb87908cab814d7e90af1e3f10cb451d1ace07a2"
"src/dose_exponet/models/set_transformer.py","4574","38c95f732729926543ae2f3a06f34e81340445627f3d93dcf14c5fa968a436a7"
"src/dose_exponet/predict_drugs_dose.py","9652","38d6ec3eb594b1cb2294ac5a1be9f3ee0114b7404fb8324b95c48e2ad88306fa"
"src/dose_exponet/requirements.txt","3514","93e601cd4facd1d11f1bf2658a1db6717d31e1321f86559905147c0804a4a864"
"src/dose_exponet/utils/__init__.py","140","0b890f30f88626ef135c35b3c40b759d58900afce78c25c1e8732df243d806ad"
"src/dose_exponet/utils/dataset.py","12344","22e56630f8a205842338ebecdf708a15f02127b80454368b99c28bd414d70335"
"src/dose_exponet/utils/dataset_dose.py","11999","61251ee4ce20c20a96a5cbbd838f35e55effc9aa45dff1eae9ca9714685069c2"
"src/dose_exponet/utils/ligand_init.py","20253","245ffeda5ee4e9a32ac0f9a89067195063b30959b8e3fc61a9eb7b1df4630ccb"
"src/dose_exponet/utils/metrics.py","8009","81f8aacd5dd1616826e69766f71ce13ff863a717f8e228ec3d883f2843dfe971"
"src/dose_exponet/utils/trainer.py","39040","5b835834fb80644f2d6f9234af92c7252ac06fa18b238d4099f54ac495a52b69"
"src/dose_exponet/utils/utils.py","30692","cf985bc1a202dd8c31c793daf80c2d3722edbfd995a0f0ccdd292808d1e6f28b"
"src/dotsafenet/finetune_hetsia_ctade_dose_task_head_20260529.py","8558","a88d27468506e4c3f0d0adaf9bb554b002aedebda7733479b330dd14c0b1e2e9"
"src/dotsafenet/model/heterogeneous_siamese_sider.py","5577","ca6c911291f2d76f8d2d4fcef1ad96a848a493467cfd68a8ee921304ba2481df"
"src/dotsafenet/predict_clinical_test_before_after.py","4870","9c1e382275ca15edb45ae7a9e9bb387bdff74907fc7b6d2d8f265ba8d2b60635"
"src/dotsafenet/requirements.txt","5589","bbce6b42689b9439167d1663400f18e97de650b5228e45925ac0d16cb1c07664"
"src/dotsafenet/train_hetsia_soft_pseudo_monotone_loss_task_head.py","31890","98121523dca189e3d77ecc286ac87ff04fa02ed7354aa5ef36ca5620f0bec23f"
"src/ot_profilenet/finetuning/ban.py","6118","5c20c8ef3c6a19f1e03f13de3ca28576fc1eae694c10d1373cdd81b2261b681f"
"src/ot_profilenet/finetuning/data/__init__.py","28","538304fe56c8e7d25e2e39083aa83d03e8cbfc884cee91b125517bca804c1f23"
"src/ot_profilenet/finetuning/data/data_process.py","9989","a4184e843b06b70172f31ba31da62bf1e31f253872acb2fd6bcf1ebf9d1f0381"
"src/ot_profilenet/finetuning/model.py","4509","b6bae0621fc16baeb8d904f67d6ebed95eaabb30cc922d98d2af7c1f4925fb4d"
"src/ot_profilenet/finetuning/predict_drugs.py","7856","b942ba15902f7e445540f2a76ead15af055e63b7dc91991e44dbccb53876ade3"
"src/ot_profilenet/finetuning/predict_multidata_adr.py","6408","c7a594eafc84b97097916eaec825ba4a2d9915b1f1c811a35e45d299722b59c8"
"src/ot_profilenet/finetuning/test.py","6151","377c465b5508c585b5fa96d91b1bc10271eeed1d6d46b9fc9fb96c4b8d2b7815"
"src/ot_profilenet/finetuning/train_reg_fintune.py","12988","823432a2bd2b5e9053cdcfa10b8e43de64f4787cf7fd0b8bd9c7cffc787fce81"
"src/ot_profilenet/finetuning/train_reg_train.py","12129","cb55995c2d1b11e1ca1fb7178ab57a72fe4a53451c58b8c1ebcf2b541f82f8e7"
"src/ot_profilenet/finetuning/utils.py","26029","460cecc822742b2d92be891c16f43a490908cdcad2c7e0b88c72e1320854b124"
"src/ot_profilenet/pretraining/ban.py","6072","751e3d29ebf4257f2d9e318de08d76e96f8453ce6c4012e8c751240566f5e2a6"
"src/ot_profilenet/pretraining/data/__init__.py","53","420a1f1c9f7d261a2a8484c175e61a6f6130278eae885843d3f7936d5a292a6e"
"src/ot_profilenet/pretraining/data/data_process.py","10060","9a99ad7cad4464e2f63481ff1cb4490cc5d7a2b9824f7a57e38cd1efd09f9846"
"src/ot_profilenet/pretraining/model.py","3980","d55a4817500eb6737aff42cfa0597439dd28b143b3a9bc8d5e735e18096023ed"
"src/ot_profilenet/pretraining/train.py","9638","f139a5b93aebaa869a03e62d356c2d0ba0ffdbd603304b10b61a3f82eb76a283"
"src/ot_profilenet/pretraining/utils.py","19759","434fd274ce9fef301aead7b2e51f67b37e5a0ef9ff9b2ed14172cc0053d1f619"
"src/ot_profilenet/requirements.txt","1968","3acbd6330e0f2d5ffad4a36c5ef95952865307f18000382aa2a03ce684a87b53"
"src/pipeline/build_hetsia_dataset_from_premota.py","5571","ee2a057cec21bc24110d14cb2a618e50f5901626a80ab4fe31269f5722d71227"
"src/pipeline/build_hetsia_dataset_with_new_ppb.py","4546","92334818168064f1d92d0b2724815027b8c2c943e13e4135a51ea8f4cea57193"
"src/pipeline/build_investigational_dose_x_from_premota.py","4383","e10bed21a817d944d226b190bde8cb57b28c8068748254bc9b60936ea908c4b1"
"src/plasmabindnet_fu/models/drug_pool.py","12973","5ab4cda000db17e33cce3881264a7c9cac7bc0d3e6d037eb0a8dd0c0db08bdef"
"src/plasmabindnet_fu/models/layers.py","20374","4d945b67a45a5d62eb8b37fedb1993b6afc118e172180b25be269f39228b7061"
"src/plasmabindnet_fu/models/net.py","29544","3b0db9da0cba717577b095974ca35139d84571f7240137a88b64fe68c5763e17"
"src/plasmabindnet_fu/models/pna.py","10499","596bf58aba21ee9ac4c4c6c59a3205d68253aa2cb8a5b382657479a0d2049786"
"src/plasmabindnet_fu/models/scaler.py","4059","b3fdf76cec89a7ff6e704089c8b1e7cb29bc068738f688433425ad9d775929e7"
"src/plasmabindnet_fu/models/set_rep.py","4917","ff6ab64d4005fbc44c6d96b2fb87908cab814d7e90af1e3f10cb451d1ace07a2"
"src/plasmabindnet_fu/models/set_transformer.py","4574","38c95f732729926543ae2f3a06f34e81340445627f3d93dcf14c5fa968a436a7"
"src/plasmabindnet_fu/predict_ppb_ensemble_for_smiles.py","6018","14fbbaa5b65402326c84dfb64689a329249c6c7e528fb0366f5d8015c8321905"
"src/plasmabindnet_fu/requirements.txt","3514","93e601cd4facd1d11f1bf2658a1db6717d31e1321f86559905147c0804a4a864"
"src/plasmabindnet_fu/train_ppb_retraining.py","28149","38f030e3af5fab9dc26bd6c03cae763a2014a876fc702b52f3f884d5ec00dd48"
"src/plasmabindnet_fu/utils/__init__.py","140","0b890f30f88626ef135c35b3c40b759d58900afce78c25c1e8732df243d806ad"
"src/plasmabindnet_fu/utils/dataset.py","12344","22e56630f8a205842338ebecdf708a15f02127b80454368b99c28bd414d70335"
"src/plasmabindnet_fu/utils/dataset_dose.py","11999","61251ee4ce20c20a96a5cbbd838f35e55effc9aa45dff1eae9ca9714685069c2"
"src/plasmabindnet_fu/utils/ligand_init.py","20253","245ffeda5ee4e9a32ac0f9a89067195063b30959b8e3fc61a9eb7b1df4630ccb"
"src/plasmabindnet_fu/utils/metrics.py","8009","81f8aacd5dd1616826e69766f71ce13ff863a717f8e228ec3d883f2843dfe971"
"src/plasmabindnet_fu/utils/trainer.py","39040","5b835834fb80644f2d6f9234af92c7252ac06fa18b238d4099f54ac495a52b69"
"src/plasmabindnet_fu/utils/utils.py","30692","cf985bc1a202dd8c31c793daf80c2d3722edbfd995a0f0ccdd292808d1e6f28b"
"src/safety_profiler/__init__.py","370","ddd4ee912d263419df71405c5f83381d49ee86c4daa62302709c9b1fe4acb76f"
"src/safety_profiler/core.py","9920","c1dd963d374040398de2d208f4b810afd6b6d60f821df87fddf0b5557ef745b6"
"src/safety_profiler/predict_cmax_ensemble.py","5080","917fe1af3d87be46d464cf8568d58248446a63238bfd95c03317db89ac97f1f6"
"src/safety_profiler/predict_dotsafenet_ensemble.py","5730","b0458cb609c405ff0845888feace4d6750f841017ad992e4f9fc2b7c5ef5bea7"
"src/safety_profiler/report.py","4940","417b424cb3c0554eaf24160f1a5f554995cd7c91a5ec79259daa75b7fcd98a22"
"tests/fixtures/citalopram_20mg.csv","121","553edcf5dccf938f9b2fc842df1a90478efe31525144c3db4af8cf6cb2070e26"
"tests/fixtures/paper_citalopram_20mg.csv","121","79dcf96e590bf29e42addbd2f800a5aa130eac39127186df6f182ceca0175921"
"tests/test_release_contract.py","2584","3f4b353f8a3938360e5b9b61291d85862677af2c4c66126c1d646f4b47216f61"
"tests/test_safety_profiler.py","4898","136221785eb326dbf1de3e64d2431d4b38e5354f823b1278c3a6b3bb547c7fe3"
"weights/README.md","1231","64b8f012157ebbf2373c802b2830f297ec8742ee01e0c76141cf8146dc8b919f"
"weights/weights_manifest.tsv","8635","2c5520de453504b28d4ad087a4ba11b77f27b7de2e1c4e94391a998242df40f6"
