target_id,compound_count
A0A024AXB9,296
A0A024B7W1,1
A0A045ISB3,275
A0A059UE90,77
A0A060INS8,49
A0A072ZLE6,23
A0A080SPQ8,2
A0A087WW23,173
A0A0B4J268,232
A0A0B7LH44,10
A0A0C5PRQ1,10
A0A0C7ACN7,62
A0A0D1DYD5,41
A0A0D9R315,1
A0A0E7NXW5,8
A0A0G2K344,68
A0A0H2UPP7,3
A0A0H2UQD0,2
A0A0H4FQ60,2
A0A0K2E2J2,15
A0A0R4IM31,11
A0A0S4TER9,26
A0A0T9WNE5,20
A0A113T0T6,8
A0A143MHK7,45
A0A173Z7B1,3
A0A1D5QZY8,2
A0A1D8D5K2,42
A0A1I7V8J2,1
A0A1U8CD06,1
A0A286XTF2,17
A0A2J8P2M1,47
A0A2R8YG87,37
A0A2S9PM60,26
A0A380PJR2,3
A0A3F3IEK2,17
A0A3N4B635,12
A0A5G2RFL7,13
A0A6L0XH39,20
A0A6L8P2U9,34
A0A6L8Q2B7,30
A0A8C0LZB8,2
A0A8C0QLS2,6
A0A8C0THM6,2
A0A8I3N393,2
A0A8I3NDW2,4
A0A8I3NP04,2
A0AVT1,20
A0EPY1,17
A0JN73,8
A0MJA4,7
A0MJA5,7
A0QNE0,47
A0QVH7,4
A0R607,1
A0R666,3
A0SYQ0,12
A0T123,2
A0ZX81,4
A1E3K9,6
A1L3X0,4
A1XG20,45
A1YYP7,2
A1Z199,1
A1Z1Q3,5
A1ZA98,23
A2AGL3,2
A2APX8,8
A2RI47,18
A2RP81,12
A2TEF2,8
A3EZJ3,1422
A3FFR5,8
A3FPL9,1
A3FQ79,1
A3KMY8,223
A3M3H0,5
A3QR02,2
A3RGC1,2
A3RLP8,27
A4D1B5,2
A4GTP0,10
A4HSF7,102
A4I591,522
A4IFJ5,72
A4KCT8,4
A4Q9F0,1
A4TVL0,32
A4XI97,3
A4ZYU9,12
A5A4K8,191
A5A4K9,2
A5D7B7,54
A5D7T0,3
A5GZW8,1
A5H660,319
A5K1A2,3
A5PKW4,145
A5U4N0,2
A5Z1V5,19
A5Z252,67
A6H249,2
A6NNY8,2
A6QP37,27
A6QR73,9
A6T4N4,1
A6T4N9,3
A6XA80,824
A6YCJ1,77
A7L861,4
A7MBE0,12
A7MCY6,1
A7XBP7,1
A8DS27,42
A8K2H7,5
A8MPY1,5
A8NS89,15
A8PUY1,9
A8Q2D1,10
A8RR46,6
A9CPF9,135
A9JQL9,90
A9QW74,2
A9UEZ6,200
A9X4R8,2
A9XFY4,150
B0BNF9,2
B0FL73,469
B0K020,5
B0KZK1,1
B0LPN4,1
B0R470,1
B1AH88,1
B1JQH1,4
B1JRQ0,22
B1LDF1,2
B1LEI7,7
B1LRJ1,4
B2GV46,57
B2LUN4,91
B2RLK2,98
B2RQC6,6
B2RXC2,189
B2RXH2,188
B2RY04,3
B2ZB02,1
B2ZTR6,8
B3DH72,13
B3TNN2,1
B3VTJ2,10
B4EB35,2
B4EH87,27
B4F110,1
B4FS76,18
B4URE7,9
B4URF0,796
B4URF7,375
B5ATN6,44
B5DF27,6
B5DFE2,1
B5SU02,55
B5THE3,40
B5U2Z5,8
B5Y1L0,8
B6F061,2
B6TK44,14
B7MNI9,20
B7UJP3,3
B7UPE2,5
B7UUK1,10
B7VU80,1
B8PY99,2
B8Q4Z9,3
B8R6A5,2
B9J3S4,13
B9UM26,1
B9UM29,1
B9V8S1,6
C0HJB3,84
C0IX24,60
C0L093,9
C1KIQ2,28
C3L5T6,104
C3LPU7,5
C3SIU2,44
C3SLB7,28
C3SWJ7,421
C3TDZ2,235
C3TIE2,7
C3TRK2,16
C4LRQ6,18
C4LW95,34
C5ISA2,12
C5IW59,1
C6ARS9,3
C7C422,1339
C9JQD8,6
D0VWV4,2
D1MIX9,8
D2K2A8,3
D2K848,18
D2SSQ3,6
D3W065,6
D3Z7P3,7
D3Z9J1,37
D3ZDM7,4
D3ZFJ0,2
D3ZGQ2,25
D3ZJF9,3
D3ZNG3,2
D3ZUM4,13
D3ZWV0,17
D3ZYL0,1
D4A7K4,4
D4A7K7,5
D4ADR1,11
D5F1R0,12
D5FGE8,3
D5HSX5,2
D5JEH1,14
D6NSM8,8
E1BI31,14
E1BKU0,4
E1BN64,130
E2JF22,3
E2QDN0,18
E2QF15,7
E3UJZ5,46
E5KIY2,2
E9B7X3,1
E9BRC0,1
E9BSI1,160
E9PTA2,2
E9PU00,11
E9PZQ0,1
E9Q4Z2,4
E9Q6R7,62
E9QYP0,3
F0KIP0,4
F0X4H1,1
F1KRD8,12
F1L1D9,17
F1LNR9,6
F1M391,2
F1MN93,5
F1N083,1
F1QCV2,22
F1RRW5,2
F4KU78,5
F4MUJ9,3
F5A8F7,1
F5BCZ9,16
F6ZDS4,2
F7HEV7,10
F8V479,4
G1C7A4,8
G1FEK8,13
G1SGC5,6
G1SVH0,2
G1T8E2,107
G2YM83,24
G3FIN0,2
G3HDX1,5
G3IAK4,5
G3V783,5
G3V906,4
G3V9H8,1
G4VFD7,39
G5EB00,1
G5EF15,1689
G5EFF5,445
G7N604,2
G7Q3P2,1
H0YDU8,60
H6TY12,54
H9B8T9,51
H9BT73,1
H9CNL0,9
H9EUW9,6
H9FL65,10
H9TB17,11
H9TVJ1,2
H9YX08,10
I1U3K2,13
I3LIR5,47
I3LTK9,40
I3LVF1,1
I3VR33,1
I6L8L7,2
I6LNT8,8
I6WXK4,54
I6X8D2,343
I6YFP0,25
J3SE37,2
J7HAW4,7
K4CF70,13
K4JQ36,4
K7GQZ4,1
K7N5L2,2
K7N5L9,5
K7XJL6,31
K9N5Q8,4
K9N7C7,131
L8I2E6,7
M3VH47,44
M5BZV0,1
O00089,1
O00115,2
O00141,936
O00142,130
O00148,4
O00167,26
O00182,210
O00187,457
O00206,423
O00214,239
O00220,6
O00222,300
O00231,3
O00238,630
O00255,754
O00257,118
O00264,248
O00299,4
O00311,881
O00329,11529
O00337,8
O00391,2
O00398,99
O00400,146
O00411,4
O00418,186
O00421,154
O00429,88
O00443,222
O00444,968
O00459,1575
O00462,12
O00481,105
O00482,468
O00483,2
O00487,479
O00506,130
O00512,125
O00519,2907
O00555,5
O00560,24
O00571,507
O00574,120
O00590,2
O00625,22
O00746,4
O00748,401
O00750,489
O00754,44
O00763,4202
O00764,352
O00767,1091
O01739,2
O02604,19
O02662,72
O02667,29
O02747,38
O02768,33
O02776,22
O02781,8
O02824,122
O02853,3
O04417,27
O06446,3
O07855,535
O07911,43
O08530,31
O08532,61
O08537,12
O08556,2
O08557,3
O08562,60
O08565,80
O08590,212
O08619,1
O08644,2
O08663,36
O08689,1
O08699,1
O08703,66
O08725,116
O08726,41
O08756,6
O08775,78
O08786,129
O08790,22
O08816,3
O08858,74
O08878,1
O08892,6
O08914,682
O08966,12
O08967,8
O09061,8
O09106,85
O09114,31
O09127,2
O09175,104
O09178,2
O13332,12
O13383,41
O13428,60
O14492,248
O14519,41
O14578,413
O14607,1
O14638,136
O14640,29
O14641,6
O14649,859
O14672,834
O14684,2301
O14686,2
O14717,12
O14727,538
O14730,120
O14733,338
O14744,4244
O14745,27
O14746,1007
O14757,3903
O14763,354
O14786,687
O14788,64
O14791,465
O14793,17
O14804,1
O14815,23
O14842,3055
O14843,88
O14874,4
O14894,53
O14920,2484
O14929,3
O14936,114
O14939,321
O14965,5296
O14966,1
O14975,3
O14976,649
O14980,195
O14983,17
O14986,4
O15021,2
O15054,396
O15055,385
O15056,36
O15066,33
O15075,162
O15111,749
O15118,31
O15120,131
O15121,44
O15146,137
O15151,699
O15164,265
O15197,378
O15228,8
O15229,216
O15244,143
O15245,192
O15254,344
O15264,356
O15269,6
O15270,17
O15294,119
O15296,158
O15297,36
O15303,242
O15305,248
O15355,11
O15357,107
O15379,3895
O15382,213
O15392,36
O15393,33
O15399,52
O15427,275
O15438,913
O15439,947
O15440,12
O15455,7
O15492,193
O15496,186
O15527,31
O15528,20
O15530,2212
O15540,139
O15547,5
O15550,46
O15552,799
O15554,178
O15648,66
O15727,8
O15770,10
O15826,69
O18323,3
O18473,1
O18531,26
O18956,8
O19045,188
O19067,1
O19175,128
O23920,1
O24163,25
O24164,1
O24855,50
O25801,4
O25928,53
O26232,39
O30463,226
O31048,96
O31211,26
O31272,30
O32393,9
O32449,2
O34453,26
O34483,12
O34623,29
O34667,33
O35049,2
O35078,69
O35084,34
O35129,1
O35164,3
O35186,66
O35235,17
O35240,14
O35346,3
O35379,5
O35430,216
O35433,2183
O35435,165
O35491,236
O35492,299
O35493,244
O35505,200
O35543,26
O35627,9
O35659,24
O35678,612
O35760,1
O35795,11
O35811,6
O35820,57
O35854,1
O35880,8
O35881,1
O35899,1
O35904,98
O35913,18
O35921,57
O35936,3
O35949,9
O35952,5
O35955,8
O35956,73
O39927,1
O39929,1
O40947,246
O41156,10
O42275,8874
O42392,14
O42713,2073
O42772,7
O42781,2
O43148,25
O43151,16
O43172,7
O43174,277
O43175,898
O43184,10
O43187,2
O43189,25
O43194,96
O43280,4
O43283,475
O43293,226
O43314,1
O43315,49
O43318,538
O43353,1439
O43426,35
O43447,2
O43451,417
O43463,38
O43464,21
O43497,816
O43511,2
O43521,1083
O43524,2
O43525,6
O43526,288
O43570,5705
O43598,50
O43603,207
O43683,1152
O43739,4
O43741,12
O43772,6
O43781,260
O43791,1
O43826,34
O43865,8
O43868,112
O43895,29
O43897,405
O43924,263
O45307,2
O46128,8
O46521,10
O46635,5
O49150,33
O50979,7
O52691,9
O53580,3
O53581,1
O53585,2
O54050,1
O54698,11
O54699,10
O54735,153
O54754,3
O54798,300
O54814,41
O54833,2
O54890,2
O54898,1
O54908,2
O54912,2
O54937,70
O54939,38
O54967,75
O54974,8
O54988,2
O55017,1
O55040,98
O55143,1
O55183,5
O55192,49
O55193,11
O55234,23
O55239,58
O55242,325
O59010,4
O59791,1
O60218,202
O60235,121
O60240,296
O60256,4
O60259,38
O60260,41
O60282,6
O60285,265
O60307,14
O60313,344
O60331,182
O60333,2
O60341,5793
O60346,4
O60361,9
O60391,16
O60427,64
O60488,6
O60502,1008
O60503,27
O60551,37
O60563,3030
O60602,5
O60603,383
O60656,10
O60658,200
O60671,6
O60674,14668
O60678,168
O60704,10
O60706,114
O60725,426
O60733,14
O60741,36
O60755,302
O60760,424
O60779,1
O60825,58
O60840,30
O60841,233
O60880,6
O60882,4
O60883,2
O60885,12235
O60894,3
O60906,14
O60911,300
O60928,8
O60930,24
O60939,22
O60989,12
O61059,882
O61142,94
O62664,104
O62698,175
O62855,9
O64411,61
O66465,49
O66809,11
O67625,22
O67648,47
O68720,95
O69002,133
O69638,1
O69721,5
O70126,1
O70127,138
O70174,16
O70196,128
O70199,7
O70212,109
O70276,2
O70282,18
O70305,61
O70342,266
O70344,95
O70370,93
O70423,8
O70424,3
O70444,58
O70507,2
O70526,468
O70528,1239
O70536,1077
O70551,1
O70577,8
O70594,6
O70628,5
O74036,8
O74189,96
O75015,1
O75030,851
O75084,71
O75106,176
O75116,5720
O75151,17
O75164,481
O75173,634
O75306,2
O75311,40
O75330,12
O75342,26
O75351,1
O75355,30
O75356,6
O75365,165
O75376,64
O75381,134
O75385,786
O75387,6
O75417,121
O75419,6
O75460,1506
O75469,1516
O75475,244
O75493,27
O75530,950
O75581,24
O75582,584
O75604,64
O75608,32
O75643,422
O75676,409
O75688,113
O75716,432
O75747,158
O75751,62
O75762,2614
O75795,43
O75807,2
O75832,1
O75874,5489
O75884,13
O75907,2028
O75908,317
O75909,340
O75914,155
O75936,80
O75956,3
O75962,2
O76031,2
O76039,274
O76074,3659
O76082,6
O76083,984
O76202,1
O77078,10
O77239,429
O77240,18
O77344,32
O77621,10
O77636,638
O77656,44
O77669,2
O77680,2
O77700,1
O77715,15
O77746,206
O77759,44
O77760,44
O77773,65
O77823,84
O77830,13
O78749,16
O78750,18
O80452,4
O85361,13
O86157,2
O86309,2
O87171,11
O88275,48
O88319,70
O88351,51
O88410,136
O88420,10
O88427,1
O88446,16
O88457,2
O88506,16
O88508,3
O88509,3
O88533,6
O88536,10
O88554,76
O88563,8
O88587,3
O88626,23
O88634,76
O88643,4
O88693,107
O88703,18
O88704,16
O88766,20
O88838,10
O88855,2
O88867,113
O88871,88
O88908,74
O88909,25
O88943,141
O88944,2
O88947,5
O89017,36
O89039,2
O89049,142
O89085,1
O92972,147
O93344,3
O93400,9
O93874,27
O93875,23
O94222,3
O94759,80
O94760,114
O94768,360
O94782,1083
O94788,90
O94804,474
O94806,422
O94811,2
O94907,68
O94921,146
O94925,1975
O94953,119
O94956,34
O94966,1077
O95050,68
O95069,420
O95136,1101
O95140,4
O95147,2
O95153,2
O95180,2059
O95235,70
O95237,5
O95251,526
O95259,16
O95263,266
O95264,3
O95267,22
O95271,1045
O95278,10
O95279,1
O95340,3
O95342,1643
O95347,341
O95352,447
O95363,39
O95372,37
O95382,395
O95393,26
O95398,206
O95399,61
O95436,121
O95453,8
O95456,1
O95461,109
O95470,306
O95479,1
O95497,527
O95503,34
O95544,81
O95551,707
O95563,2
O95573,6
O95602,78
O95619,4
O95622,90
O95630,29
O95644,25
O95665,345
O95696,112
O95718,213
O95747,103
O95749,376
O95819,1164
O95822,309
O95835,706
O95838,167
O95848,1
O95864,11
O95870,12
O95931,436
O95932,16
O95977,1028
O96013,1013
O96017,1236
O96028,432
O96214,485
O96394,48
O96526,10
O96673,57
O96935,754
O97148,12
O97438,1
O97467,856
O97506,21
O97554,32
O97578,2
O97972,99
P00156,106
P00166,137
P00176,108
P00178,6
P00183,9
P00185,40
P00186,5
P00189,51
P00325,25
P00326,23
P00327,41
P00328,55
P00336,4
P00338,1687
P00342,6
P00346,125
P00347,84
P00349,12
P00352,386
P00366,15
P00371,182
P00374,1702
P00375,184
P00376,459
P00378,239
P00380,54
P00381,403
P00382,86
P00387,5
P00390,264
P00395,6
P00403,120
P00432,12
P00438,2
P00439,2
P00441,59
P00442,3
P00451,25
P00469,440
P00480,12
P00488,269
P00489,1154
P00491,430
P00492,261
P00505,1
P00514,13
P00516,39
P00517,421
P00520,93
P00521,115
P00523,384
P00524,2
P00525,66
P00530,1
P00532,1
P00546,10
P00547,6
P00558,210
P00560,19
P00561,20
P00563,1
P00569,2
P00573,14
P00582,4
P00591,321
P00592,213
P00599,9
P00602,9
P00623,3
P00630,64
P00636,46
P00639,25
P00640,9
P00642,78
P00651,19
P00669,10
P00689,13
P00690,146
P00691,2
P00693,2
P00697,10
P00698,1
P00720,24
P00722,24
P00727,54
P00730,212
P00734,11634
P00735,1767
P00736,126
P00740,1226
P00742,9864
P00743,282
P00746,4861
P00747,2615
P00748,2177
P00749,2350
P00750,1560
P00751,99
P00752,96
P00760,1765
P00761,437
P00762,29
P00763,22
P00766,608
P00767,35
P00772,94
P00774,18
P00780,14
P00784,488
P00786,8
P00787,58
P00789,6
P00791,422
P00797,5702
P00798,14
P00800,354
P00803,73
P00807,135
P00808,16
P00809,31
P00811,536
P00813,285
P00817,14
P00830,18
P00845,2
P00883,38
P00898,24
P00915,10709
P00916,11
P00917,11
P00918,12776
P00921,163
P00939,10
P00946,12
P00956,66
P00959,147
P00962,2
P00970,18
P01008,26
P01015,1
P01023,2
P01024,92
P01031,12
P01042,60
P01103,125
P01106,909
P01109,2
P01111,373
P01112,105
P01116,3845
P01120,21
P01127,26
P01130,19
P01133,1
P01137,11
P01138,3
P01143,1
P01150,5
P01160,25
P01161,1
P01213,2
P01223,3
P01256,9
P01270,17
P01282,66
P01283,78
P01303,5
P01355,47
P01356,27
P01374,2
P01391,3
P01500,2
P01579,6
P01584,309
P01589,2
P01590,78
P01721,46
P01730,82
P01911,55
P02144,4
P02458,1
P02489,2
P02511,16
P02550,378
P02554,377
P02665,6
P02666,3
P02675,37
P02692,27
P02699,4
P02701,2
P02710,28
P02712,34
P02718,19
P02724,10
P02748,5
P02751,12
P02752,7
P02753,413
P02754,4
P02763,4
P02766,517
P02768,268
P02769,313
P02770,17
P02774,2
P02776,8
P02778,205
P02795,6
P02829,197
P02866,9
P02879,109
P02919,7
P02979,2
P03007,2
P03070,1295
P03072,35
P03101,4
P03118,4
P03120,40
P03126,4
P03138,565
P03206,193
P03211,130
P03234,60
P03300,21
P03303,30
P03313,182
P03354,40
P03355,11
P03359,60
P03366,640
P03367,762
P03369,96
P03373,17
P03374,15
P03377,18
P03379,1
P03406,162
P03409,22
P03418,331
P03420,161
P03421,1
P03428,133
P03431,3
P03433,413
P03437,12
P03438,7
P03452,31
P03468,975
P03469,119
P03470,737
P03471,172
P03472,79
P03474,404
P03522,18
P03528,3
P03772,11
P03887,145
P03905,9
P03950,8
P03951,4359
P03952,5418
P03953,1
P03958,6
P03962,10
P04014,57
P04015,2
P04021,21
P04035,493
P04036,4
P04040,6
P04049,4713
P04053,49
P04054,586
P04055,21
P04058,607
P04062,1158
P04066,192
P04070,577
P04073,6
P04085,1
P04114,60
P04141,7
P04156,255
P04174,56
P04176,11
P04177,2
P04180,136
P04181,6
P04183,279
P04184,2
P04185,2
P04186,9
P04190,116
P04191,189
P04201,3
P04233,25
P04271,23
P04273,30
P04274,14
P04276,1
P04278,189
P04292,8
P04293,64
P04303,45
P04326,57
P04351,8
P04386,18
P04401,232
P04406,931
P04407,29
P04409,121
P04415,16
P04439,309
P04526,13
P04545,246
P04566,54
P04574,41
P04578,498
P04584,27
P04585,6038
P04608,136
P04618,116
P04625,8
P04626,5481
P04628,1157
P04629,6637
P04631,10
P04637,318
P04642,25
P04665,1
P04694,19
P04746,52
P04756,5
P04757,485
P04762,15
P04774,170
P04775,168
P04786,3
P04789,1
P04792,18
P04798,585
P04799,32
P04800,23
P04805,4
P04806,7
P04818,1041
P04825,8
P04839,105
P04899,259
P04925,12
P04958,24
P04993,346
P05020,1
P05023,46
P05024,18
P05033,3
P05067,2754
P05089,537
P05091,242
P05093,1764
P05100,10
P05106,1797
P05107,15
P05108,1
P05111,2
P05113,2
P05121,457
P05129,358
P05132,34
P05141,346
P05154,11
P05160,1
P05162,47
P05164,740
P05177,5112
P05178,2
P05181,202
P05182,32
P05183,3
P05185,17
P05186,1889
P05187,77
P05193,30
P05194,2
P05198,55
P05227,163
P05230,206
P05231,129
P05305,518
P05307,1
P05362,246
P05363,14
P05364,392
P05369,17
P05370,2
P05412,260
P05413,237
P05453,1
P05480,94
P05504,6
P05523,6
P05532,14
P05556,251
P05622,585
P05631,14
P05632,42
P05653,5
P05659,1
P05696,40
P05771,1390
P05778,17
P05793,5
P05804,76
P05866,28
P05888,10
P05959,7
P05979,3736
P05981,306
P05982,1
P06026,25
P06149,4
P06151,18
P06186,73
P06199,211
P06211,96
P06240,97
P06241,1720
P06242,2
P06276,5568
P06278,16
P06280,109
P06281,16
P06307,2
P06400,34
P06402,21
P06479,309
P06492,462
P06493,3999
P06494,14
P06526,18
P06536,355
P06537,45
P06582,127
P06612,26
P06628,1
P06672,2
P06681,2
P06685,7
P06700,51
P06702,98
P06709,7
P06710,13
P06721,24
P06729,4
P06730,357
P06732,5
P06733,12
P06734,168
P06737,1128
P06746,318
P06748,2
P06756,130
P06760,21
P06762,331
P06766,150
P06767,11
P06786,2
P06795,135
P06797,33
P06802,34
P06803,110
P06804,8
P06820,30
P06821,42
P06835,7
P06855,16
P06856,34
P06858,67
P06865,41
P06868,26
P06869,47
P06870,1589
P06873,1
P06881,203
P06935,431
P06987,10
P06988,8
P07099,496
P07101,7
P07112,2
P07140,18
P07141,15
P07147,3
P07148,17
P07154,54
P07195,491
P07202,85
P07203,6
P07205,1
P07237,304
P07254,23
P07265,99
P07267,6
P07288,139
P07293,6
P07305,7
P07306,25
P07308,535
P07313,1
P07314,13
P07327,33
P07332,422
P07333,2909
P07339,5261
P07340,4
P07342,10
P07363,1
P07374,682
P07379,14
P07382,130
P07384,1330
P07437,9
P07445,9
P07451,433
P07477,3482
P07478,19
P07490,34
P07492,17
P07522,1
P07583,10
P07602,2
P07607,865
P07639,12
P07650,224
P07683,2
P07686,155
P07688,176
P07692,5
P07711,4601
P07724,4
P07738,328
P07740,7
P07741,269
P07742,34
P07752,20
P07753,21
P07807,49
P07808,8
P07813,79
P07814,33
P07817,241
P07824,11
P07858,3718
P07861,645
P07862,4
P07872,126
P07900,2800
P07901,62
P07911,36
P07943,2151
P07947,650
P07949,4742
P07992,1
P07996,26
P07998,26
P08001,53
P08004,4
P08019,13
P08037,21
P08047,2
P08049,486
P08069,4255
P08104,23
P08134,34
P08138,22
P08151,69
P08164,54
P08170,289
P08174,2
P08176,89
P08179,4
P08183,3381
P08185,59
P08191,251
P08192,2
P08219,5
P08235,1749
P08236,547
P08237,1
P08238,1923
P08240,293
P08243,9
P08246,5196
P08254,3954
P08263,36
P08289,5
P08294,4
P08312,13
P08319,19
P08373,124
P08397,2
P08400,1
P08413,1
P08419,301
P08424,220
P08473,1432
P08482,1262
P08483,461
P08485,305
P08487,18
P08514,2107
P08519,6
P08538,3
P08543,123
P08546,106
P08567,3
P08574,334
P08575,458
P08581,6482
P08587,50
P08592,80
P08603,1
P08620,7
P08631,1008
P08648,600
P08659,2046
P08679,26
P08683,33
P08684,12404
P08686,229
P08689,4
P08709,1510
P08750,2
P08754,30
P08799,7
P08833,2
P08842,847
P08909,1007
P08911,101
P08922,416
P08962,13
P09038,278
P09057,63
P09086,36
P09104,2
P09114,9
P09172,59
P09186,13
P09210,61
P09211,601
P09216,4
P09217,108
P09237,1194
P09238,307
P09242,17
P09250,94
P09252,10
P09382,709
P09391,8
P09417,25
P09429,22
P09467,804
P09470,47
P09471,34
P09482,19
P09483,1517
P09487,130
P09488,248
P09581,476
P09598,24
P09601,8
P09610,30
P09619,3935
P09623,1
P09651,3
P09660,23
P09668,188
P09681,13
P09759,2
P09768,44
P09769,317
P09790,72
P09810,18
P09811,41
P09812,6
P09848,49
P09871,357
P09874,4974
P09884,221
P09889,6
P09917,3435
P09923,751
P09936,184
P09955,36
P09958,1504
P09960,1221
P0A017,184
P0A031,29
P0A070,2
P0A079,18
P0A091,28
P0A0H2,55
P0A0H5,34
P0A0I7,23
P0A0J7,128
P0A0K8,537
P0A1P6,2
P0A1V9,2
P0A2Y6,85
P0A3M1,23
P0A3M5,9
P0A4L9,36
P0A6B4,4
P0A6D3,82
P0A6F1,6
P0A6F5,58
P0A6G7,30
P0A6I6,22
P0A6K3,21
P0A6L2,28
P0A6M2,8
P0A6R0,50
P0A6W3,164
P0A722,6
P0A725,373
P0A749,152
P0A752,8
P0A7A9,14
P0A7G6,9
P0A7Y4,18
P0A7Z4,20
P0A853,4
P0A879,1
P0A881,23
P0A884,159
P0A8F0,1
P0A8L1,20
P0A8T7,4
P0A8V2,92
P0A953,79
P0A988,39
P0A9A6,78
P0A9C5,12
P0A9J4,24
P0A9J6,6
P0A9J8,9
P0A9M5,2
P0A9P4,14
P0AB71,6
P0AB91,3
P0ABQ4,713
P0ABR7,9
P0ABZ6,8
P0AC13,62
P0ACB2,23
P0ACC7,110
P0AD63,57
P0AD64,38
P0AD65,11
P0ADG7,80
P0AE05,2
P0AE18,263
P0AE70,464
P0AEG4,71
P0AEJ2,24
P0AEK4,219
P0AES4,783
P0AES6,176
P0AEU0,1
P0AEY8,60
P0AF12,52
P0AF14,47
P0AFI2,70
P0AGJ9,10
P0C0E6,3
P0C0F4,2
P0C0H6,9
P0C0J0,1
P0C0L6,1
P0C0W8,167
P0C1P9,36
P0C1R8,91
P0C1S0,7
P0C1S7,13
P0C1S8,112
P0C1U8,20
P0C1U9,109
P0C264,102
P0C559,355
P0C5J4,1
P0C5S6,5
P0C691,2
P0C6E9,37
P0C6F2,6
P0C6U6,12
P0C6U8,237
P0C6W3,19
P0C6W4,19
P0C6W5,2
P0C6X1,127
P0C6X4,14
P0C6X5,13
P0C6X6,38
P0C6X7,1214
P0C6X9,1
P0C6Y2,1
P0C6Y4,5
P0C7A3,21
P0C7B7,1
P0C869,47
P0C870,8
P0CO23,33
P0CP75,14
P0CS13,18
P0CS83,17
P0CT06,23
P0CX82,105
P0CY54,5
P0DB00,4
P0DJD7,5
P0DJD9,90
P0DM80,8
P0DMS9,234
P0DMV8,108
P0DOF5,22
P0DOF6,7
P0DOF8,99
P0DOF9,6
P0DP23,97
P0DPA2,1
P0DPD6,4
P0DPD8,13
P0DPH7,1
P0DPI0,802
P0DPI1,191
P0DPQ5,27
P0DTC1,481
P0DTC2,82
P0DTD1,4923
P0DUB6,61
P10070,16
P10092,25
P10111,27
P10123,22
P10144,81
P10145,225
P10147,7
P10153,6
P10173,2
P10210,62
P10236,10
P10242,26
P10253,242
P10274,57
P10323,362
P10378,7
P10398,428
P10408,32
P10415,4188
P10417,492
P10424,4
P10443,26
P10481,192
P10482,40
P10499,2
P10515,3
P10520,2516
P10569,1
P10584,36
P10586,491
P10589,3
P10599,24
P10605,26
P10608,185
P10611,4
P10613,41
P10619,914
P10620,4
P10632,1150
P10633,15
P10634,17
P10635,8774
P10636,659
P10644,1
P10646,1769
P10649,2
P10683,5
P10686,3
P10687,2
P10688,9
P10696,1172
P10721,4355
P10749,1
P10759,3
P10760,33
P10768,1
P10809,261
P10820,2
P10826,539
P10827,664
P10828,839
P10844,4
P10938,370
P10980,1660
P10997,27
P11021,37
P11064,18
P11086,237
P11103,149
P11137,206
P11142,188
P11150,420
P11151,3
P11152,2
P11166,1405
P11167,9
P11168,180
P11169,160
P11172,36
P11214,18
P11216,536
P11217,183
P11247,4
P11274,380
P11275,100
P11308,66
P11309,6418
P11314,1
P11344,122
P11348,25
P11362,6055
P11387,1069
P11388,1448
P11411,169
P11412,14
P11413,559
P11416,59
P11439,19
P11440,8
P11444,23
P11473,1017
P11474,477
P11483,1
P11497,196
P11500,21
P11507,3
P11509,468
P11511,3251
P11541,101
P11586,62
P11597,1892
P11613,2
P11614,14
P11678,10
P11707,1
P11708,45
P11712,7264
P11715,394
P11716,80
P11717,27
P11730,1
P11762,8
P11766,107
P11797,83
P11799,237
P11801,2
P11802,4424
P11838,11
P11880,29
P11884,5
P11889,12
P11926,37
P11940,473
P11980,14
P12004,45
P12081,2
P12104,26
P12236,341
P12259,27
P12265,1
P12268,1603
P12271,273
P12276,28
P12314,17
P12318,1
P12319,14
P12337,150
P12389,106
P12390,174
P12392,18
P12497,1709
P12504,392
P12527,2182
P12530,1070
P12590,1
P12614,5
P12643,6
P12644,36
P12657,72
P12710,21
P12711,2
P12746,180
P12785,111
P12807,14
P12822,1885
P12823,54
P12872,36
P12916,7
P12928,16
P12931,6633
P12938,17
P12955,116
P13051,28
P13053,86
P13100,16
P13159,8
P13166,21
P13236,12
P13264,1
P13267,152
P13423,3
P13444,50
P13497,1167
P13500,119
P13501,68
P13516,336
P13569,1105
P13584,28
P13589,48
P13601,6
P13608,12
P13612,2033
P13631,602
P13661,31
P13667,6
P13674,3
P13678,2
P13716,23
P13721,22
P13726,315
P13738,1
P13807,742
P13861,346
P13864,13
P13866,2075
P13922,181
P13955,9
P13956,25
P13995,80
P14060,41
P14061,831
P14091,224
P14099,35
P14100,117
P14137,157
P14142,5
P14151,125
P14174,433
P14207,78
P14210,5
P14222,495
P14234,10
P14262,8
P14270,4
P14272,40
P14324,548
P14340,34
P14384,13
P14410,120
P14415,21
P14422,2
P14423,51
P14488,23
P14489,4
P14550,75
P14555,640
P14598,1101
P14600,581
P14616,130
P14618,340
P14625,383
P14635,57
P14644,192
P14646,85
P14672,78
P14677,16
P14679,337
P14735,312
P14740,383
P14743,4
P14756,380
P14769,8
P14778,4
P14779,2
P14842,3613
P14859,4
P14900,94
P14902,5391
P14904,212
P14916,21
P14920,725
P14925,62
P14927,18
P15038,4
P15056,8428
P15085,154
P15086,127
P15088,8
P15090,698
P15101,128
P15104,17
P15108,14
P15121,1272
P15127,825
P15144,914
P15145,2012
P15149,4
P15150,20
P15169,43
P15170,78
P15207,1191
P15208,78
P15260,151
P15273,190
P15289,1
P15291,23
P15304,176
P15309,53
P15311,25
P15313,10
P15319,23
P15328,123
P15348,13
P15374,49
P15379,18
P15381,488
P15382,120
P15384,10
P15385,10
P15387,7
P15389,8
P15390,38
P15393,43
P15396,1
P15428,903
P15445,19
P15474,49
P15494,1
P15498,2
P15514,10
P15538,2121
P15539,27
P15559,286
P15589,3
P15682,2
P15684,21
P15692,365
P15693,350
P15709,1
P15735,406
P15791,1
P15823,2987
P15840,70
P15884,17
P15907,82
P15917,1124
P15941,2
P15944,2
P15945,2
P16050,784
P16054,10
P16056,12
P16066,197
P16070,18
P16083,771
P16092,11
P16098,16
P16109,388
P16110,126
P16116,499
P16118,60
P16125,7
P16152,31
P16154,56
P16177,208
P16184,777
P16199,2
P16207,50
P16232,221
P16233,73
P16234,1390
P16235,106
P16257,1143
P16277,10
P16278,112
P16296,2
P16298,3
P16333,4
P16389,30
P16390,74
P16395,28
P16435,11
P16442,6
P16444,33
P16453,2
P16455,114
P16469,115
P16471,4
P16473,47
P16497,74
P16499,107
P16519,21
P16551,2
P16581,535
P16586,1
P16591,454
P16598,1
P16599,1
P16610,329
P16615,15
P16638,114
P16662,152
P16671,6
P16732,72
P16753,406
P16778,14
P16788,2
P16885,19
P16924,21
P17086,11
P17105,12
P17157,3
P17164,38
P17169,3
P17174,108
P17181,1
P17200,27
P17256,2
P17289,5
P17301,84
P17302,24
P17325,1
P17342,124
P17405,149
P17425,3
P17439,44
P17442,2
P17443,2
P17516,205
P17535,12
P17538,203
P17597,107
P17599,4
P17612,1039
P17655,225
P17658,22
P17659,10
P17706,1554
P17707,184
P17708,67
P17712,65
P17752,982
P17763,10
P17764,2
P17787,114
P17861,968
P17865,23
P17870,1
P17931,1602
P17936,44
P17952,68
P18031,6519
P18054,357
P18063,16
P18065,2
P18067,185
P18074,344
P18084,455
P18090,439
P18113,58
P18125,4
P18130,267
P18177,152
P18203,50
P18266,206
P18292,57
P18298,45
P18337,17
P18405,735
P18433,139
P18434,4
P18440,83
P18493,3
P18505,16
P18506,7
P18508,42
P18509,22
P18510,118
P18564,836
P18584,46
P18598,21
P18654,36
P18669,107
P18688,13
P18708,1
P18762,24
P18841,246
P18846,31
P18848,55
P18858,198
P18871,3
P18886,709
P18894,88
P18901,1523
P18910,52
P18911,46
P18915,18
P18916,1
P19020,1220
P19021,40
P19022,2
P19091,327
P19096,31
P19099,2278
P19111,175
P19112,82
P19120,2
P19139,28
P19145,8
P19156,399
P19174,263
P19205,2
P19217,16
P19221,20
P19224,28
P19235,74
P19320,248
P19324,83
P19327,5786
P19328,147
P19332,5
P19357,16
P19367,179
P19419,5
P19438,221
P19440,81
P19468,2
P19490,451
P19491,190
P19492,188
P19493,95
P19525,266
P19550,192
P19602,112
P19621,9
P19623,8
P19634,597
P19643,1494
P19711,20
P19754,34
P19784,920
P19785,13
P19801,72
P19821,145
P19835,16
P19838,341
P19858,1
P19875,6
P19921,2
P19969,26
P19971,379
P20035,2
P20083,23
P20142,91
P20151,28
P20153,70
P20171,1
P20192,4
P20231,464
P20236,13
P20248,19
P20264,4
P20265,4
P20272,2855
P20273,106
P20288,452
P20291,2
P20292,2477
P20340,323
P20366,15
P20393,89
P20395,3
P20417,59
P20420,12
P20444,425
P20456,59
P20536,34
P20594,10
P20618,651
P20645,22
P20648,261
P20701,715
P20711,17
P20749,8
P20789,134
P20794,101
P20813,653
P20815,139
P20831,530
P20839,323
P20848,13
P20852,57
P20895,45
P20916,55
P20917,65
P20918,22
P20933,10
P20961,1
P21127,125
P21139,30
P21146,142
P21148,29
P21183,29
P21236,43
P21246,4
P21275,32
P21281,1
P21396,1498
P21398,393
P21439,4
P21447,149
P21450,14
P21451,450
P21453,5235
P21462,2075
P21549,21
P21552,4
P21555,19
P21556,1251
P21575,9
P21583,4
P21588,264
P21589,1227
P21643,14
P21645,3
P21673,6
P21675,699
P21687,3
P21709,373
P21729,110
P21730,1354
P21731,2011
P21741,22
P21757,4
P21761,78
P21781,6
P21802,4573
P21803,1
P21817,50
P21836,754
P21845,14
P21860,178
P21889,7
P21912,412
P21932,6
P21961,2
P21964,175
P21980,885
P21981,4
P22001,966
P22004,6
P22007,81
P22061,7
P22079,17
P22083,3
P22086,150
P22102,219
P22141,20
P22188,21
P22199,138
P22234,445
P22262,6
P22273,3
P22281,6
P22301,7
P22307,1
P22309,81
P22310,21
P22314,126
P22392,105
P22411,196
P22412,347
P22413,776
P22437,324
P22443,142
P22449,34
P22455,2748
P22459,28
P22460,1254
P22466,3
P22513,68
P22518,443
P22557,6
P22605,50
P22607,3600
P22612,328
P22629,8
P22674,6
P22680,11
P22687,138
P22692,2
P22694,401
P22696,13
P22723,1
P22732,2
P22734,163
P22735,129
P22736,381
P22748,1992
P22756,392
P22760,9
P22770,2
P22771,4
P22830,347
P22888,90
P22894,2005
P22897,4
P22906,205
P22909,1152
P22935,22
P22939,5
P22985,38
P23025,68
P23097,25
P23109,18
P23141,619
P23204,196
P23280,641
P23284,183
P23298,9
P23316,70
P23336,4
P23385,833
P23415,263
P23416,69
P23443,2171
P23458,11482
P23467,301
P23469,75
P23470,56
P23471,7
P23492,3
P23526,391
P23560,5
P23574,255
P23576,51
P23589,49
P23639,2
P23677,25
P23687,342
P23711,288
P23724,34
P23739,553
P23743,1293
P23760,2
P23780,40
P23786,740
P23791,3
P23795,643
P23804,4
P23818,5
P23874,4
P23907,19
P23919,61
P23921,209
P23940,9
P23944,908
P23945,142
P23946,916
P23978,652
P23979,191
P24008,366
P24046,122
P24053,124
P24062,2
P24063,23
P24095,6
P24158,84
P24171,2
P24173,13
P24182,14
P24226,24
P24259,1
P24347,11
P24385,539
P24387,2427
P24433,66
P24460,1
P24462,8
P24468,231
P24470,3
P24527,52
P24547,24
P24557,2243
P24592,2
P24593,21
P24666,1074
P24723,485
P24735,146
P24740,9
P24752,2
P24822,406
P24823,1
P24855,67
P24863,465
P24864,62
P24928,7
P24942,2
P24964,21
P25023,125
P25043,7
P25044,31
P25051,2
P25054,219
P25084,121
P25085,30
P25089,52
P25090,3038
P25095,1391
P25098,919
P25099,4983
P25102,132
P25104,573
P25106,1720
P25108,6
P25110,2
P25115,64
P25116,1777
P25122,3
P25162,45
P25322,3
P25376,25
P25427,1
P25440,1034
P25462,16
P25708,118
P25774,4675
P25779,1498
P25786,11
P25791,1
P25805,84
P25910,155
P25911,14
P25930,138
P25931,7
P25942,6
P25961,16
P25962,2
P25963,68
P25975,106
P26006,14
P26010,4
P26012,192
P26019,7
P26045,8
P26196,332
P26255,79
P26262,22
P26281,115
P26294,51
P26358,1199
P26431,214
P26432,148
P26433,554
P26435,6
P26439,8
P26447,54
P26572,853
P26637,7
P26639,49
P26640,6
P26660,66
P26661,19
P26662,741
P26663,349
P26664,440
P26684,1360
P26769,18
P26818,12
P26883,32
P26885,4
P26918,32
P26927,6
P26993,32
P27008,42
P27028,4
P27034,20
P27037,147
P27114,9
P27117,8
P27139,2
P27144,2
P27158,40
P27169,72
P27189,1
P27296,4
P27348,2
P27361,1070
P27435,2
P27448,533
P27463,2
P27467,440
P27471,11
P27482,10
P27487,8762
P27694,258
P27695,494
P27707,476
P27708,10
P27732,398
P27791,24
P27808,3
P27815,1283
P27824,2
P27867,29
P27881,2
P27915,10
P27922,31
P27958,1579
P27986,3738
P27987,81
P28028,77
P28037,5
P28062,1061
P28063,33
P28065,295
P28070,16
P28072,10
P28074,2448
P28075,4
P28076,12
P28088,56
P28161,65
P28190,880
P28221,1910
P28272,20
P28293,20
P28300,167
P28301,6
P28305,10
P28327,81
P28329,56
P28334,8
P28336,320
P28340,32
P28347,306
P28471,41
P28472,24
P28474,2
P28476,17
P28494,18
P28523,22
P28562,250
P28563,23
P28565,85
P28566,508
P28570,40
P28571,8
P28576,1
P28585,14
P28593,564
P28646,305
P28647,744
P28700,46
P28702,393
P28704,117
P28705,122
P28715,129
P28720,31
P28776,278
P28827,31
P28838,137
P28839,79
P28843,65
P28845,5054
P28857,37
P28867,83
P28887,87
P28907,529
P29029,5
P29033,42
P29074,10
P29089,743
P29120,17
P29122,301
P29144,2
P29172,11
P29208,11
P29276,105
P29317,1343
P29319,14
P29320,180
P29322,147
P29323,501
P29338,70
P29350,656
P29353,111
P29371,1719
P29372,6
P29373,1
P29375,1214
P29376,173
P29401,75
P29410,84
P29411,72
P29452,210
P29465,11
P29466,1732
P29473,734
P29474,1445
P29475,1757
P29476,1860
P29477,1399
P29597,8149
P29598,4
P29599,13
P29678,1
P29702,490
P29703,8
P29704,1
P29754,45
P29846,18
P29853,16
P29952,8
P29965,2
P29972,6
P29990,554
P29992,16
P29994,66
P30043,14
P30082,164
P30083,43
P30084,1
P30085,185
P30086,267
P30098,93
P30099,30
P30101,15
P30122,42
P30124,17
P30191,38
P30204,1
P30274,29
P30277,11
P30279,1
P30281,1
P30291,1396
P30304,568
P30305,1116
P30306,62
P30307,214
P30355,4
P30405,114
P30418,158
P30419,651
P30519,340
P30520,5
P30530,3828
P30531,231
P30535,3
P30545,4
P30546,1
P30547,603
P30548,7
P30549,22
P30550,434
P30551,1692
P30552,28
P30553,834
P30555,25
P30557,514
P30559,1899
P30560,808
P30561,30
P30572,2
P30573,16
P30613,392
P30656,64
P30679,478
P30680,272
P30728,6
P30729,257
P30730,3
P30809,1
P30810,8
P30835,1
P30837,21
P30838,147
P30873,2
P30875,81
P30897,23
P30926,1
P30935,114
P30936,25
P30937,50
P30938,51
P30939,215
P30940,10
P30966,60
P30969,1411
P30987,58
P30990,3
P30993,4
P30994,222
P30996,72
P31016,1
P31040,5
P31152,118
P31153,1526
P31213,878
P31214,38
P31224,2
P31228,7
P31323,24
P31327,48
P31343,29
P31350,16
P31387,15
P31388,149
P31389,1122
P31390,298
P31421,1218
P31422,915
P31423,456
P31424,2991
P31482,33
P31550,3
P31639,2824
P31641,57
P31644,1265
P31646,45
P31648,709
P31649,474
P31650,548
P31651,288
P31689,346
P31749,5582
P31750,40
P31751,1870
P31938,5
P31939,162
P31941,1061
P31944,10
P31946,2
P31947,12
P32004,1
P32019,11
P32038,2
P32120,8
P32189,10
P32198,763
P32211,8
P32214,28
P32215,1
P32240,478
P32244,30
P32248,18
P32249,224
P32297,590
P32298,119
P32300,2786
P32301,128
P32302,93
P32304,29
P32305,1019
P32307,103
P32320,65
P32322,61
P32352,70
P32358,3
P32397,25
P32418,359
P32485,1
P32523,15
P32560,21
P32577,1
P32584,7
P32657,148
P32738,67
P32750,15
P32754,224
P32755,11
P32835,7
P32836,5
P32842,13
P32871,58
P32897,820
P32929,200
P33012,78
P33033,993
P33038,2
P33072,80
P33121,67
P33176,3
P33247,56
P33260,26
P33261,4484
P33302,25
P33316,439
P33434,6
P33435,97
P33436,27
P33478,10
P33527,1573
P33533,4421
P33534,795
P33535,6291
P33766,3
P33905,72
P33981,1912
P33991,328
P34021,35
P34152,13
P34158,22
P34707,363
P34741,12
P34884,16
P34896,74
P34897,268
P34903,795
P34913,3166
P34914,416
P34927,6
P34947,281
P34948,22
P34949,1000
P34960,32
P34968,14
P34970,31
P34971,100
P34975,686
P34976,1684
P34978,167
P34979,24
P34980,16
P34981,32
P35000,25
P35030,50
P35125,2
P35218,745
P35222,406
P35228,1601
P35233,6
P35235,2
P35236,810
P35270,1096
P35327,60
P35329,26
P35342,10
P35343,6
P35344,6
P35345,2
P35347,120
P35349,141
P35351,777
P35353,806
P35355,129
P35363,401
P35364,53
P35365,27
P35370,135
P35375,440
P35377,187
P35383,38
P35384,2
P35396,142
P35398,1003
P35400,277
P35405,11
P35406,82
P35428,10
P35439,1237
P35463,750
P35475,4
P35498,1676
P35499,659
P35503,2
P35520,34
P35523,3
P35524,2
P35546,12
P35557,1596
P35558,21
P35560,174
P35561,32
P35563,1142
P35568,24
P35570,1
P35573,33
P35574,16
P35575,42
P35579,1
P35580,238
P35590,137
P35610,815
P35626,72
P35638,25
P35639,940
P35713,1
P35739,5
P35750,315
P35754,1
P35790,364
P35813,30
P35821,12
P35869,373
P35916,742
P35917,2
P35918,218
P35961,171
P35969,117
P35991,89
P36025,13
P36107,6
P36196,3
P36400,13
P36423,7
P36506,13
P36507,456
P36537,19
P36544,2304
P36633,35
P36639,176
P36776,45
P36836,22
P36873,43
P36888,6170
P36894,720
P36895,5
P36896,538
P36897,3415
P36898,26
P36906,4
P36956,10
P36969,55
P37023,545
P37058,345
P37059,819
P37088,44
P37136,2063
P37172,32
P37173,1414
P37230,126
P37238,372
P37268,336
P37289,75
P37340,6
P37798,21
P37840,444
P38024,16
P38117,259
P38158,74
P38169,1
P38398,66
P38417,12
P38489,1
P38532,5232
P38571,16
P38604,52
P38605,48
P38624,7
P38646,21
P38650,24
P38919,93
P38936,51
P39040,11
P39045,38
P39050,6
P39051,130
P39052,7
P39069,63
P39073,2
P39086,424
P39654,4
P39655,29
P39656,26
P39688,3
P39748,1607
P39877,104
P39898,395
P39900,1261
P40136,87
P40145,72
P40189,31
P40220,21
P40231,2
P40238,342
P40261,426
P40306,240
P40313,54
P40337,454
P40347,42
P40394,20
P40495,9
P40750,2
P40763,1915
P40818,47
P40879,1
P40881,55
P40925,88
P40926,124
P40933,38
P40989,67
P41020,39
P41052,8
P41144,4723
P41148,142
P41149,1124
P41180,847
P41182,1048
P41212,1
P41216,55
P41222,3
P41226,2
P41229,202
P41231,722
P41232,5
P41233,95
P41235,295
P41240,636
P41245,21
P41250,344
P41252,121
P41279,426
P41440,106
P41498,4
P41539,6
P41543,9
P41586,199
P41593,1
P41738,1
P41740,15
P41743,1385
P41921,13
P41948,18
P41972,51
P41985,1
P42124,2
P42224,668
P42225,16
P42226,148
P42227,320
P42229,35
P42232,3
P42260,325
P42261,386
P42262,540
P42263,66
P42264,259
P42285,344
P42330,970
P42336,10841
P42337,177
P42338,4668
P42345,6473
P42346,53
P42356,152
P42512,15
P42535,8
P42566,4
P42568,89
P42575,126
P42639,276
P42676,16
P42677,17
P42679,108
P42680,738
P42681,662
P42684,497
P42685,464
P42785,710
P42858,451
P42866,1288
P42891,24
P42892,665
P42893,157
P42971,2
P43003,459
P43004,467
P43005,451
P43007,24
P43057,3
P43071,41
P43114,204
P43117,78
P43118,2
P43119,1183
P43140,1964
P43143,26
P43144,48
P43153,251
P43155,10
P43166,1821
P43219,6
P43220,2266
P43235,4196
P43236,223
P43249,75
P43250,573
P43251,23
P43252,19
P43253,76
P43316,12
P43346,34
P43351,72
P43354,142
P43358,32
P43367,1202
P43378,98
P43404,11
P43405,6656
P43406,1
P43428,12
P43490,5047
P43568,2
P43657,14
P43680,14
P43686,344
P43711,4
P43819,5
P43828,2
P43870,8
P43889,5
P43912,31
P44432,23
P44514,19
P44786,3
P44969,2
P45040,28
P45352,14
P45446,30
P45452,4833
P45568,155
P45578,5
P45845,105
P45877,4
P45880,1
P45973,94
P45974,46
P45975,2
P45983,2615
P45984,2092
P45985,411
P46002,7
P46019,1
P46059,554
P46063,5
P46091,3
P46092,58
P46093,95
P46095,855
P46108,4
P46116,2
P46197,20
P46406,22
P46510,15
P46531,155
P46549,1
P46598,53
P46616,127
P46636,56
P46720,42
P46721,4
P46734,401
P46736,1
P46821,2
P46925,995
P46934,2
P46937,33
P46939,84
P46943,1
P46952,2
P46953,2
P47196,5
P47199,8
P47204,18
P47205,830
P47211,158
P47712,383
P47713,6
P47743,10
P47745,700
P47746,517
P47747,815
P47748,57
P47752,18
P47806,361
P47809,4
P47811,335
P47820,555
P47824,50
P47866,17
P47869,819
P47871,1962
P47872,4
P47895,116
P47897,16
P47900,1013
P47929,150
P47936,970
P47937,10
P47989,988
P48016,1
P48023,2
P48032,79
P48040,6
P48044,57
P48048,1512
P48050,7
P48051,1
P48052,22
P48056,45
P48058,177
P48061,154
P48065,88
P48066,104
P48067,2025
P48076,1
P48145,526
P48147,1287
P48163,16
P48167,177
P48169,111
P48281,39
P48302,14
P48303,20
P48346,26
P48426,395
P48436,1
P48442,60
P48443,379
P48449,240
P48450,246
P48454,37
P48506,7
P48544,238
P48546,314
P48547,4
P48549,302
P48729,604
P48730,2181
P48735,729
P48736,8114
P48740,6
P48748,87
P48760,21
P48763,4
P48764,710
P48769,17
P48775,1459
P48776,253
P48825,7
P48974,86
P48995,4
P48999,90
P49019,155
P49058,8
P49116,41
P49137,2039
P49138,2
P49144,1
P49185,11
P49187,190
P49218,2
P49219,76
P49264,1
P49279,49
P49281,74
P49287,3
P49288,237
P49290,3
P49327,2427
P49336,834
P49354,1471
P49356,675
P49366,51
P49407,12
P49411,344
P49430,247
P49448,45
P49581,7
P49582,29
P49585,160
P49588,10
P49589,262
P49591,16
P49616,29
P49619,2
P49638,10
P49651,39
P49652,285
P49653,109
P49654,392
P49660,26
P49662,77
P49674,1838
P49681,83
P49682,2396
P49683,300
P49684,344
P49685,1
P49721,732
P49743,33
P49748,341
P49759,1031
P49760,1263
P49761,1042
P49763,90
P49764,32
P49768,2321
P49773,33
P49789,60
P49795,188
P49798,235
P49802,192
P49810,14
P49842,17
P49862,741
P49863,5
P49880,67
P49881,122
P49882,1
P49885,1
P49888,6
P49891,13
P49892,38
P49902,16
P49915,9
P49916,4
P49917,2
P49959,47
P49961,48
P50053,411
P50107,18
P50127,7
P50128,10
P50129,118
P50130,319
P50135,4
P50148,6
P50172,1807
P50225,10
P50233,62
P50247,32
P50250,13
P50281,1762
P50282,84
P50293,1
P50295,118
P50336,95
P50339,7
P50391,523
P50407,53
P50416,748
P50442,12
P50454,4
P50482,6
P50549,1
P50554,60
P50570,33
P50578,22
P50579,1677
P50583,1
P50591,11
P50613,908
P50637,2
P50747,75
P50750,1960
P50897,4
P50993,37
P50997,69
P51050,49
P51114,10
P51116,3
P51136,6
P51141,2
P51143,8
P51144,144
P51149,30
P51159,315
P51160,133
P51161,11
P51178,2
P51436,19
P51448,2
P51449,12665
P51450,1119
P51451,442
P51452,1095
P51511,52
P51512,88
P51530,2
P51531,310
P51532,304
P51556,1
P51570,375
P51574,81
P51575,176
P51576,15
P51577,96
P51578,12
P51579,13
P51580,31
P51582,414
P51587,2
P51589,125
P51608,12
P51617,1049
P51635,58
P51639,1483
P51647,25
P51649,22
P51656,4
P51657,6
P51658,36
P51659,24
P51661,434
P51671,6
P51675,94
P51677,1788
P51678,53
P51679,895
P51680,21
P51682,113
P51683,124
P51684,579
P51685,220
P51686,409
P51691,3
P51692,76
P51784,2
P51788,59
P51812,1096
P51813,542
P51817,137
P51843,247
P51878,92
P51907,5
P51946,921
P51948,1
P51955,740
P51956,380
P51957,113
P51965,112
P51993,19
P52020,98
P52176,7
P52209,45
P52270,23
P52292,1014
P52332,6
P52333,8188
P52500,103
P52505,30
P52564,443
P52565,6
P52623,2
P52624,50
P52630,2
P52633,2
P52655,22
P52663,27
P52699,1286
P52700,112
P52702,38
P52703,15
P52732,1513
P52757,2
P52788,4
P52789,99
P52792,86
P52823,5
P52895,542
P52902,5
P52904,9
P53008,8
P53041,19
P53051,400
P53184,8
P53341,101
P53350,2608
P53355,204
P53396,725
P53539,15
P53582,508
P53602,8
P53609,145
P53610,16
P53615,44
P53624,15
P53634,1067
P53667,846
P53669,11
P53671,800
P53686,46
P53704,15
P53708,28
P53778,348
P53779,2622
P53790,23
P53792,31
P53816,66
P53985,348
P53987,78
P54001,6
P54098,43
P54131,3
P54132,130
P54136,4
P54149,403
P54219,4
P54252,9
P54253,777
P54284,3
P54289,1110
P54290,3
P54292,12
P54300,45
P54358,7
P54493,11
P54577,380
P54578,354
P54616,28
P54619,356
P54645,1
P54646,762
P54652,28
P54687,75
P54690,1
P54697,1
P54707,35
P54709,21
P54750,775
P54753,463
P54754,2
P54756,397
P54757,2
P54760,1725
P54761,2
P54762,142
P54763,14
P54764,515
P54803,6
P54818,4
P54819,346
P54827,7
P54829,495
P54833,133
P54840,446
P54855,3
P54904,28
P55011,2
P55058,34
P55072,986
P55085,351
P55097,20
P55156,39
P55157,295
P55201,307
P55210,1058
P55211,551
P55212,662
P55263,1217
P55347,46
P55772,11
P55786,38
P55826,9
P55859,114
P55899,443
P55926,12
P55957,1
P56068,21
P56073,30
P56109,5
P56192,144
P56199,19
P56218,1
P56221,135
P56389,42
P56450,1096
P56470,68
P56481,922
P56483,2
P56485,8
P56494,7
P56524,2192
P56526,12
P56528,116
P56545,41
P56560,477
P56634,2
P56658,710
P56677,19
P56690,2
P56696,31
P56703,153
P56704,551
P56718,1167
P56719,122
P56726,795
P56730,141
P56740,2
P56818,69
P56819,10
P56937,6
P56950,4
P56971,7
P57058,102
P57059,156
P57078,110
P57678,2
P57764,2
P57771,235
P57789,20
P58022,8
P58154,278
P58215,38
P58295,80
P58307,3
P58308,3
P58335,49
P58389,1
P58406,110
P58681,60
P58735,1
P58801,2
P58825,7
P58873,2
P59071,22
P59215,15
P59264,9
P59533,13
P59534,1
P59535,1
P59536,2
P59537,2
P59538,21
P59539,1
P59540,13
P59541,1
P59542,1
P59543,1
P59544,1
P59551,3
P59591,40
P59594,47
P59676,11
P59722,35
P59768,6
P60010,3
P60033,6
P60042,7
P60174,17
P60322,1
P60472,4
P60484,5
P60487,6
P60568,592
P60615,11
P60842,129
P60843,29
P60891,229
P60900,21
P60932,4
P60953,270
P61019,1
P61026,336
P61075,98
P61076,10
P61077,10
P61081,2
P61088,1384
P61105,206
P61158,334
P61160,317
P61168,210
P61169,6588
P61244,11
P61278,2
P61316,1
P61431,60
P61586,53
P61769,7
P61793,11
P61794,27
P61813,12
P61814,29
P61823,104
P61922,4
P61956,51
P61964,1710
P61981,69
P62136,151
P62139,11
P62157,14
P62166,2
P62330,178
P62343,91
P62344,507
P62508,472
P62509,21
P62575,32
P62593,504
P62615,5
P62617,14
P62623,1
P62744,14
P62805,1
P62812,3
P62813,300
P62826,344
P62834,6
P62873,1
P62937,683
P62942,1290
P62959,2
P62965,22
P62993,610
P63000,49
P63001,281
P63059,2
P63073,54
P63085,373
P63086,54
P63096,29
P63098,4
P63104,56
P63116,26
P63138,48
P63142,1
P63146,1
P63151,2
P63165,364
P63185,2
P63251,9
P63252,26
P63279,337
P63316,2
P63319,96
P63640,2
P65456,4
P65502,321
P66706,20
P66936,6
P67774,34
P67775,22
P67827,2
P67870,913
P67871,2
P67932,6
P68104,6
P68106,80
P68135,8
P68182,4
P68370,53
P68371,2
P68400,2384
P68402,11
P68403,211
P68404,2
P68431,5
P68795,4
P68825,124
P68826,169
P68849,50
P68871,8
P68890,42
P69035,2
P69328,2
P69332,38
P69560,103
P69834,6
P69905,1
P69913,8
P69996,268
P70032,2
P70172,18
P70174,2
P70180,42
P70181,1
P70182,1
P70263,172
P70269,2
P70310,3
P70313,23
P70343,2
P70349,4
P70385,2
P70453,1
P70470,201
P70473,10
P70496,38
P70502,13
P70531,1
P70536,944
P70579,143
P70580,2
P70596,110
P70597,148
P70604,191
P70605,128
P70606,5
P70618,54
P70619,3
P70623,3
P70627,75
P70658,8
P70677,3
P70682,1
P70699,85
P70712,11
P71716,213
P72355,8
P75906,29
P76558,2
P77173,2
P77488,14
P78325,39
P78329,360
P78348,2
P78352,127
P78356,204
P78362,136
P78368,377
P78417,112
P78508,8
P78527,1734
P78536,4178
P78540,273
P78549,6
P78595,33
P78600,34
P79074,2
P79114,1
P79208,1445
P79218,238
P79227,2
P79248,4
P79250,2
P79266,63
P79291,57
P79292,3
P79293,1
P79350,125
P79391,159
P79394,2
P79399,1
P79400,157
P79483,51
P80025,36
P80041,10
P80067,8
P80147,83
P80188,4
P80192,250
P80193,8
P80209,582
P80276,151
P80299,380
P80365,877
P80366,29
P80370,416
P80385,1
P80386,1
P80404,50
P80456,46
P81072,4
P81123,1
P81172,241
P81277,8
P81425,9
P81721,168
P81908,6346
P83110,20
P83512,36
P83916,26
P84022,73
P84058,3
P84077,2
P84213,32
P84903,1
P85968,2
P85973,35
P86926,130
P87108,1318
P87666,53
P88142,43
P89449,90
P89582,9
P89951,128
P90518,53
P90584,186
P90627,2
P93836,51
P93841,4
P93846,4
P94451,13
P94958,2
P95160,12
P95200,12
P95276,20
P95689,18
P96471,15
P96583,62
P96618,40
P96830,93
P96878,122
P96884,5
P97266,3394
P97287,165
P97288,24
P97292,1
P97295,6
P97313,3
P97321,317
P97391,30
P97449,11
P97468,18
P97477,55
P97480,3
P97504,12
P97520,3
P97535,9
P97571,39
P97583,82
P97584,6
P97612,2733
P97629,288
P97633,7
P97636,1
P97639,359
P97678,3
P97687,34
P97689,115
P97696,7
P97714,8
P97717,4
P97718,28
P97772,17
P97793,19
P97821,28
P97823,1
P97879,2
P97926,7
P97952,2
P98073,374
P98077,1
P98082,3
P98105,2
P98139,2
P98161,10
P98170,2832
P98174,2
P98187,2
P99999,11
P9WFF6,82
P9WFK7,82
P9WFR9,29
P9WFT3,596
P9WFV1,65
P9WFW3,16
P9WFX0,1
P9WFX4,8
P9WFY7,4
P9WG45,103
P9WG47,17
P9WG49,3
P9WG57,29
P9WGI5,4
P9WGR1,486
P9WGU9,4
P9WGY9,20
P9WGZ1,20
P9WH09,5
P9WH10,396
P9WH75,14
P9WHE9,8
P9WHH1,13
P9WHH8,19
P9WHH9,125
P9WHJ3,389
P9WHQ9,14
P9WHV7,18
P9WI55,24
P9WI73,6
P9WI81,226
P9WI83,23
P9WIA1,220
P9WIB9,44
P9WIC1,3
P9WID4,47
P9WID5,34
P9WIJ3,28
P9WIK2,10
P9WIL5,206
P9WIP3,4
P9WIQ1,77
P9WIS7,53
P9WJ60,3
P9WJF1,147
P9WJL3,2
P9WJM9,77
P9WJN1,63
P9WJN3,21
P9WK16,19
P9WKD2,3
P9WKD7,4
P9WKE1,369
P9WKG5,2
P9WKI7,7
P9WKK6,6
P9WKK7,48
P9WMC1,65
P9WMF9,14
P9WMK9,20
P9WMN1,16
P9WMR3,7
P9WMW7,3
P9WN95,24
P9WNE0,2
P9WNF7,1
P9WNG2,5
P9WNG3,205
P9WNL9,6
P9WNP5,75
P9WNS1,99
P9WNS3,58
P9WNU7,3
P9WNV1,12
P9WNW0,2
P9WNX1,41
P9WNZ1,439
P9WP01,16
P9WP25,4
P9WP55,40
P9WPA7,8
P9WPC9,25
P9WPJ7,168
P9WPJ9,68
P9WPL0,11
P9WPL4,11
P9WPN4,7
P9WPN5,8
P9WPP0,12
P9WPP1,8
P9WPP7,75
P9WPP8,16
P9WPP9,19
P9WPU9,1
P9WPV3,6
P9WPX7,83
P9WQ17,2
P9WQ18,3
P9WQ51,92
P9WQ59,92
P9WQ77,47
P9WQA3,184
P9WQD7,94
P9WQD8,18
P9WQD9,19
P9WQN9,25
P9WQP7,53
Q00024,86
Q00194,7
Q00195,10
Q00342,14
Q00495,2
Q00496,10
Q00526,401
Q00532,101
Q00534,2039
Q00535,940
Q00536,395
Q00537,352
Q00610,17
Q00613,385
Q00643,3
Q00651,4
Q00688,4
Q00690,14
Q00788,967
Q00796,136
Q00910,45
Q00959,412
Q00960,1311
Q00961,678
Q00975,1262
Q00985,4
Q00987,5675
Q00993,32
Q00G26,277
Q01061,6
Q01062,53
Q01063,15
Q01064,1482
Q01097,82
Q01102,9
Q01118,115
Q01158,23
Q01177,144
Q01196,129
Q01237,10
Q01279,88
Q01337,2
Q01338,2
Q01432,94
Q01433,82
Q01469,613
Q01538,163
Q01543,5
Q01558,91
Q01579,1
Q01583,8
Q01650,137
Q01662,130
Q01668,33
Q01693,47
Q01705,15
Q01717,32
Q01718,2
Q01727,1409
Q01776,1
Q01782,136
Q01812,4
Q01813,316
Q01815,9
Q01827,447
Q01844,1
Q01853,53
Q01860,3
Q01970,157
Q01984,36
Q01986,1
Q01HZ7,12
Q02053,2
Q02083,601
Q02108,1566
Q02110,91
Q02111,6
Q02127,3000
Q02152,35
Q02156,879
Q02224,29
Q02241,3
Q02242,2
Q02248,4
Q02284,10
Q02318,12
Q02356,3
Q02399,2
Q02401,69
Q02440,1
Q02485,285
Q02563,172
Q02641,49
Q02643,2
Q02644,114
Q02734,33
Q02750,2163
Q02759,44
Q02763,1427
Q02765,20
Q02769,999
Q02779,161
Q02790,284
Q02844,6
Q02853,67
Q02858,2
Q02880,427
Q02928,355
Q02962,1
Q02974,6
Q03111,128
Q03114,9
Q03135,2
Q03137,158
Q03142,94
Q03145,62
Q03164,126
Q03181,2851
Q03282,1
Q03284,17
Q03311,219
Q03330,111
Q03393,3
Q03405,128
Q03431,231
Q03469,5
Q03521,73
Q03530,299
Q03732,233
Q04095,484
Q04206,1251
Q04207,2
Q04400,40
Q04451,6
Q04468,1
Q04573,5
Q04609,808
Q04631,298
Q04637,534
Q04707,8
Q04721,2
Q04750,99
Q04756,208
Q04759,1718
Q04760,395
Q04771,1815
Q04782,2
Q04796,1
Q04828,300
Q04844,55
Q04912,546
Q04917,14
Q04998,20
Q04IS7,4
Q05030,43
Q05096,1
Q05097,45
Q05193,275
Q05209,136
Q05320,18
Q05343,52
Q05397,2950
Q05469,340
Q05513,593
Q05516,34
Q05639,6
Q05655,1605
Q05683,1
Q05754,51
Q05769,969
Q05816,3
Q05823,106
Q05921,59
Q05923,2
Q05932,48
Q05940,353
Q05941,2777
Q05BA5,14
Q05BQ5,146
Q06000,24
Q06124,2931
Q06187,11067
Q06210,7
Q06219,23
Q06241,24
Q06278,36
Q06330,29
Q06347,2
Q06418,1968
Q06432,6
Q06486,48
Q06495,536
Q06496,2
Q06518,47
Q06520,2
Q06609,515
Q06643,2
Q06806,12
Q06830,7
Q06992,48
Q06GJ0,4
Q07001,14
Q07002,145
Q07010,5
Q07011,10
Q07014,1
Q07071,30
Q07075,88
Q07108,72
Q07343,4808
Q07422,948
Q07440,616
Q07523,79
Q07599,26
Q07699,27
Q07794,105
Q07806,14
Q07812,66
Q07817,2703
Q07820,7492
Q07869,4633
Q07889,1659
Q07912,1129
Q07917,5
Q07969,156
Q07973,162
Q08050,31
Q08188,95
Q08209,67
Q08210,182
Q08257,3
Q08289,4
Q08345,1854
Q08357,14
Q08369,80
Q08397,3
Q08462,82
Q08463,3
Q08464,3
Q08477,2
Q08493,398
Q08602,7
Q08603,1
Q08642,33
Q08649,1
Q08722,39
Q08752,79
Q08828,200
Q08881,2280
Q09013,148
Q09128,28
Q09137,8
Q09326,5
Q09327,29
Q09428,9
Q09429,72
Q09470,336
Q09472,1097
Q09QM4,3
Q0GKD7,66
Q0GMK6,20
Q0H0G9,4
Q0P543,4
Q0P8E1,1
Q0P9D1,46
Q0PJ46,9
Q0PXQ5,55
Q0V8R6,1
Q0VC81,3
Q0VD19,1
Q0VGT2,2
Q0VTR6,4
Q0VTR8,4
Q0VTS0,4
Q0ZAQ8,2
Q0ZMF1,72
Q10283,29
Q10469,1148
Q10471,8
Q10472,1
Q10567,2
Q11128,18
Q11130,15
Q11201,16
Q11203,8
Q11205,16
Q12051,8
Q12772,544
Q12778,5
Q12791,119
Q12794,25
Q12797,20
Q12830,99
Q12834,4
Q12840,41
Q12851,666
Q12852,1440
Q12866,3292
Q12879,907
Q12882,6
Q12884,1557
Q12888,122
Q12908,546
Q12913,11
Q12923,60
Q12931,180
Q12974,57
Q13002,309
Q13003,61
Q13011,1
Q13043,846
Q13057,2
Q13085,761
Q13093,538
Q13107,4
Q13115,12
Q13118,11
Q13123,1
Q13126,130
Q13131,464
Q13133,1758
Q13148,7
Q13153,610
Q13155,31
Q13163,409
Q13164,541
Q13177,424
Q13183,4
Q13185,2
Q13188,622
Q13191,813
Q13224,2176
Q13231,165
Q13233,401
Q13237,133
Q13247,2
Q13255,1456
Q13258,1239
Q13285,1236
Q13304,134
Q13315,778
Q13322,6
Q13324,110
Q13332,55
Q13336,2
Q13363,3
Q13393,342
Q13418,556
Q13422,199
Q13427,10
Q13443,76
Q13451,437
Q13469,4
Q13470,484
Q13477,10
Q13480,21
Q13489,717
Q13490,1251
Q13501,1
Q13507,84
Q13509,22
Q13510,214
Q13519,73
Q13522,12
Q13523,103
Q13526,818
Q13535,2535
Q13541,1768
Q13546,4725
Q13547,12670
Q13554,146
Q13555,431
Q13557,966
Q13563,31
Q13564,21
Q13572,2
Q13574,587
Q13586,2
Q13609,5
Q13617,138
Q13619,41
Q13627,4481
Q13686,2
Q13698,82
Q13705,386
Q13822,2918
Q13873,408
Q13882,710
Q13887,193
Q13946,977
Q13951,34
Q13976,593
Q14004,451
Q14012,144
Q14123,747
Q14145,1645
Q14164,2090
Q14188,1
Q14191,8
Q14240,11
Q14242,50
Q14289,1051
Q14330,225
Q14332,9
Q14376,10
Q14393,279
Q14397,153
Q14416,2928
Q14435,1
Q14451,33
Q14457,30
Q14469,4
Q14534,150
Q14542,9
Q14571,3
Q14573,18
Q14576,8
Q14642,24
Q14643,16
Q14653,48
Q14654,322
Q14674,29
Q14676,7
Q14680,1284
Q14683,312
Q14694,1
Q14697,15
Q14703,43
Q14721,4
Q14749,22
Q14761,18
Q14765,4
Q14781,20
Q14790,1013
Q14831,359
Q14832,604
Q14833,2179
Q14839,312
Q14849,6
Q14940,16
Q14957,83
Q14973,234
Q14994,158
Q14995,4
Q15031,12
Q15040,2
Q15046,173
Q15047,16
Q15056,268
Q15058,2
Q15059,933
Q15067,274
Q15077,586
Q15078,1969
Q15084,10
Q15109,108
Q15116,2277
Q15118,994
Q15119,1182
Q15120,47
Q15125,96
Q15131,98
Q15139,324
Q15149,193
Q15165,6
Q15166,6
Q15172,11
Q15208,195
Q15256,1
Q15257,35
Q15303,514
Q15349,458
Q15369,43
Q15375,358
Q15382,432
Q15391,380
Q15392,363
Q15393,32
Q15399,99
Q15406,2
Q15418,601
Q15465,40
Q15466,8
Q15532,318
Q15544,1
Q15554,118
Q15561,117
Q15562,54
Q15569,368
Q15573,1
Q15596,398
Q15599,8
Q15633,14
Q15652,7
Q15661,359
Q15678,2
Q15717,46
Q15722,544
Q15743,4
Q15746,506
Q15750,38
Q15758,125
Q15759,755
Q15761,2136
Q15788,636
Q15822,36
Q15831,380
Q15835,198
Q15843,2
Q15858,10063
Q15878,2
Q15904,14
Q15910,2255
Q16099,9
Q16198,1
Q16204,19
Q16236,1343
Q16288,581
Q16348,150
Q16445,237
Q16478,74
Q16512,496
Q16513,485
Q16518,168
Q16526,9
Q16531,664
Q16543,35
Q16548,391
Q16549,37
Q16552,340
Q16558,4
Q16566,439
Q16572,367
Q16581,425
Q16584,710
Q16611,28
Q16613,15
Q16620,814
Q16621,2
Q16637,43
Q16644,181
Q16647,109
Q16651,50
Q16654,107
Q16658,68
Q16659,341
Q16665,1204
Q16678,609
Q16690,13
Q16696,56
Q16706,71
Q16719,12
Q16739,410
Q16740,63
Q16762,167
Q16769,1073
Q16773,31
Q16775,5
Q16790,7535
Q16816,132
Q16819,9
Q16820,98
Q16825,1
Q16827,15
Q16828,75
Q16831,22
Q16832,762
Q16850,256
Q16853,1325
Q16854,3
Q16873,219
Q16875,1273
Q16877,112
Q16880,24
Q16881,108
Q17058,1
Q17066,4
Q17339,90
Q17QM9,1
Q17SB2,99
Q194T1,10
Q19564,2
Q197X6,62
Q1A7N1,159
Q1CTD3,2
Q1HEC0,6
Q1HVG2,835
Q1JQA3,1
Q1L4E8,8
Q1LZD0,5
Q1W675,94
Q1ZY22,2
Q20MD3,12
Q24451,13
Q24498,1
Q245K9,2
Q25270,32
Q25489,12
Q25615,42
Q25856,86
Q25869,3
Q25917,429
Q26304,306
Q26710,99
Q26964,18
Q26966,31
Q27352,5
Q27546,8
Q27552,27
Q27686,27
Q27713,35
Q27743,34
Q27757,36
Q27783,11
Q27793,22
Q27957,18
Q27963,53
Q27971,6
Q27YN9,7
Q28021,5
Q28037,21
Q28039,50
Q28044,79
Q28153,2
Q28156,421
Q28175,86
Q28263,10
Q28309,10
Q28524,14
Q28641,3
Q28642,50
Q28691,4
Q28705,2
Q28731,23
Q28838,148
Q28905,2
Q28969,15
Q28998,14
Q29006,4
Q29010,512
Q29092,2
Q29095,2
Q29463,249
Q29495,42
Q29550,227
Q2AC31,4
Q2FDU6,3
Q2FUW6,3
Q2FXH2,20
Q2FXJ5,4
Q2FYS4,1
Q2FYS5,170
Q2FZ43,4
Q2FZP6,11
Q2FZQ3,139
Q2FZS0,4
Q2G036,65
Q2G2U1,4
Q2HPH0,4
Q2HRB2,3
Q2HRB6,1
Q2HXR2,2
Q2HY42,3
Q2KHZ8,44
Q2KI11,1
Q2KIG5,1
Q2KIM0,155
Q2KIP6,11
Q2KJ64,41
Q2L8D9,1
Q2LFS1,4
Q2M2H8,541
Q2M2I8,1356
Q2M385,56
Q2NL51,2
Q2NL67,46
Q2NNR4,6
Q2NNR5,806
Q2PCB5,13
Q2Q167,92
Q2TA32,8
Q2TB90,410
Q2TJZ7,1
Q2TU57,14
Q2TV84,2
Q2U7N3,26
Q2V0Q7,2
Q2V0Y6,1
Q2WGM0,10
Q2XPY6,4
Q2XUH7,30
Q2XVA1,3
Q2YS77,2
Q30W70,32
Q31945,9
Q31FD6,48
Q32L53,1
Q32MK0,370
Q32ZE1,20
Q33BM1,32
Q36792,1
Q37001,5
Q386D9,1
Q38720,2
Q38854,7
Q38860,3
Q389T8,19
Q38C91,248
Q38DI7,5
Q39829,75
Q39830,15
Q3B7M2,4
Q3BCU0,52
Q3HR10,4
Q3HTL5,21
Q3I4V7,104
Q3LS20,1
Q3MHH4,1
Q3MIX3,195
Q3S340,12
Q3S5C3,6
Q3SAW3,6
Q3SYC2,214
Q3SZX4,53
Q3T905,26
Q3T906,160
Q3TBT3,157
Q3THK7,1
Q3TRM4,18
Q3U3Q1,29
Q3U507,46
Q3U6B2,45
Q3UES3,2
Q3UFD7,4
Q3UHJ0,94
Q3ULW8,1
Q3UP24,3
Q3UP87,23
Q3UQU0,1
Q3UR32,11
Q3UVX5,63
Q3UXZ9,5
Q3V1D3,3
Q3V4E6,2
Q3Y5H1,101
Q3YUZ7,2
Q3ZAV1,1
Q3ZBB6,1
Q3ZCJ2,18
Q3ZCJ8,4
Q3ZKN1,4
Q42656,154
Q42840,1
Q42950,2
Q43014,29
Q43054,67
Q43077,9
Q43191,1
Q43445,8
Q43570,22
Q43760,2
Q44079,5
Q45066,5
Q45614,4
Q45894,128
Q46085,25
Q460N3,116
Q460N5,478
Q46991,6
Q47758,24
Q47764,20
Q48255,57
Q48435,6
Q48481,17
Q48485,16
Q48935,15
Q495T6,44
Q497R5,1
Q498D6,1
Q498M6,65
Q499N1,17
Q49AN0,54
Q49PX0,16
Q4A0P1,4
Q4ACT8,2
Q4AE59,2
Q4CXF7,1
Q4CXJ6,3
Q4DA54,140
Q4DCQ3,3
Q4DI50,12
Q4DSP6,18
Q4E4E1,30
Q4E657,43
Q4FZB7,5
Q4FZV0,25
Q4G017,345
Q4G0J3,2
Q4J6C6,18
Q4KLH9,22
Q4KLZ0,1
Q4L144,2
Q4Q5S8,12
Q4Q5W4,64
Q4QBL1,6
Q4QE15,6
Q4QEW7,100
Q4QKG6,3
Q4QLK7,2
Q4QQW4,40
Q4QXU5,2
Q4QYD9,36
Q4TVR4,2
Q4U254,536
Q4U2R8,103
Q4U3Q4,2
Q4VA93,3
Q4VQ11,64
Q4WNT5,5
Q504U8,3
Q50565,40
Q50H31,6
Q51504,2
Q51817,99
Q52WX2,101
Q533H1,10
Q53729,9
Q53781,12
Q53EL6,21
Q53GL7,201
Q53H47,3
Q53I59,53
Q53I60,1
Q53TY8,1
Q54727,5
Q54801,3
Q54873,2
Q54A96,637
Q55663,11
Q55664,16
Q56950,66
Q56A07,16
Q56A73,2
Q56D22,1
Q56D28,17
Q56UN5,118
Q571F8,1
Q581W1,45
Q582G3,34
Q58D13,12
Q58D55,306
Q58DD0,22
Q58EY0,3
Q58F21,316
Q58FF8,330
Q58FG1,15
Q58HT5,14
Q58HT7,10
Q59118,3
Q59388,2
Q59401,73
Q59487,19
Q59514,16
Q59556,8
Q59643,5
Q59750,4
Q59H18,354
Q5A3P6,4
Q5A7N4,19
Q5AJ71,213
Q5BJF2,789
Q5BJR8,33
Q5CYL9,1
Q5CZ29,1
Q5D7U5,3
Q5DUB1,57
Q5DUH8,12
Q5E9B1,8
Q5EAD5,219
Q5EB52,1
Q5EG47,1
Q5EGZ1,12
Q5FB27,5
Q5FVF5,1
Q5FVP8,6
Q5FVR2,15
Q5GIG6,1
Q5GIT4,65
Q5GSR3,14
Q5HEN6,27
Q5HFG2,8
Q5HH78,21
Q5HIH6,5
Q5HK19,4
Q5HMD9,16
Q5HYI8,305
Q5IB64,24
Q5J463,216
Q5JRX3,328
Q5JUK3,156
Q5JUX0,2
Q5JWF2,15
Q5KP44,17
Q5KSK8,2
Q5KTC7,268
Q5L478,432
Q5M848,74
Q5MAI5,3
Q5MY95,34
Q5NGP7,8
Q5NGQ3,13
Q5NUL3,1534
Q5QD14,80
Q5QJU3,2
Q5R387,29
Q5R774,543
Q5RES1,269
Q5RJP0,25
Q5RLM2,16
Q5S006,54
Q5S007,4729
Q5S255,1
Q5SC61,3
Q5SIY4,2
Q5SK48,3
Q5SWA1,2
Q5SWU9,4
Q5T2D3,2
Q5T6S3,25
Q5TC84,419
Q5TCQ9,28
Q5TCX8,3
Q5TCY1,58
Q5TIX5,3
Q5TKS0,33
Q5TU56,44
Q5U3Y7,1151
Q5U431,27
Q5U5Z8,4
Q5U7L3,3
Q5U9J1,44
Q5VLE3,114
Q5VT25,497
Q5VTY9,3
Q5VV17,2
Q5VVQ6,2
Q5VVY1,6
Q5VWK5,825
Q5VWQ8,13
Q5VWZ2,12
Q5W0Z9,12
Q5XI81,4
Q5XJA0,4
Q5XX84,5
Q5XXA6,411
Q5YLN7,1
Q60453,18
Q60457,5
Q60474,4
Q60484,22
Q60490,140
Q60492,3187
Q60493,4
Q60612,162
Q60613,144
Q60614,25
Q60631,23
Q60641,31
Q60644,21
Q60700,4
Q60714,74
Q60737,2
Q60748,179
Q60751,69
Q60795,1
Q60805,34
Q60825,2
Q60855,72
Q60857,63
Q60882,1
Q60963,7
Q60989,12
Q60F97,5
Q61009,194
Q61041,14
Q61091,1
Q61096,15
Q61125,13
Q61143,46
Q61176,2
Q61180,10
Q61206,16
Q61214,27
Q61221,2
Q61239,166
Q61241,2
Q61263,186
Q61271,5
Q61288,5
Q61327,75
Q61337,18
Q61391,14
Q61503,43
Q61584,4
Q61586,42
Q61603,6
Q61606,162
Q61614,43
Q61616,81
Q61618,326
Q61772,2
Q61851,30
Q62035,26
Q62053,432
Q62120,67
Q62137,20
Q62172,2
Q62190,14
Q62205,88
Q62226,248
Q62413,2
Q62448,1
Q62463,23
Q62600,72
Q62633,10
Q62645,209
Q62658,17
Q62666,161
Q62668,88
Q62688,3
Q62689,10
Q62711,1
Q62730,6
Q62755,29
Q62758,378
Q62773,16
Q62795,1
Q62805,32
Q62848,102
Q62868,22
Q62928,120
Q62968,383
Q62976,16
Q62986,50
Q63008,76
Q63009,31
Q63010,10
Q63016,13
Q63065,1
Q63088,6
Q63089,63
Q63118,42
Q63120,127
Q63199,46
Q63207,33
Q63272,8
Q63273,24
Q63341,4
Q63344,9
Q63371,28
Q63380,328
Q63384,57
Q63415,12
Q63421,62
Q63424,126
Q63447,13
Q63449,17
Q63470,686
Q63474,1
Q63495,1
Q63531,1
Q63563,26
Q63633,54
Q63634,91
Q63644,16
Q63645,8
Q63704,58
Q63707,214
Q63844,3
Q63881,11
Q63921,455
Q63931,1322
Q63T71,20
Q64018,2
Q64077,244
Q64133,41
Q64244,2
Q64264,120
Q64326,8
Q64346,379
Q64373,554
Q64518,1
Q64541,23
Q64546,5
Q64550,8
Q64560,226
Q64578,13
Q64602,46
Q64610,80
Q64640,134
Q64654,17
Q64663,1142
Q64666,1
Q64676,2
Q64680,20
Q64686,3
Q64725,15
Q64729,50
Q64737,89
Q64F92,2
Q653V7,31
Q65XK0,16
Q66478,29
Q670S6,4
Q67344,29
Q673L6,1
Q67BT3,2
Q680I0,5
Q68ED2,1
Q68EF4,3
Q690N0,866
Q693B1,2
Q69422,121
Q69ZF3,2
Q6A2E2,19
Q6AY53,77
Q6AYQ3,1
Q6B0I6,164
Q6B4J2,18
Q6B856,519
Q6DE08,6
Q6DLS0,190
Q6DLW5,6
Q6DMN0,53
Q6DT37,351
Q6DWJ6,422
Q6E213,19
Q6FRS9,2
Q6FTL6,113
Q6G8J9,25
Q6GFD7,14
Q6GG09,144
Q6GI75,348
Q6GMR7,4
Q6GPI1,22
Q6GPL3,7
Q6GQQ9,180
Q6GWS8,4
Q6H8N0,3
Q6IA69,4
Q6IE75,18
Q6IE76,3
Q6IQ20,118
Q6IQ23,2
Q6IQ55,53
Q6IYF9,7
Q6J4K2,1
Q6JP75,6
Q6JQN1,309
Q6KCB6,1
Q6L5J4,912
Q6L709,152
Q6L8Q7,2
Q6MGC4,28
Q6N021,31
Q6NS38,1
Q6NS65,3
Q6NSN2,1
Q6NXK8,26
Q6NXT6,69
Q6NYC1,40
Q6P179,395
Q6P1E0,38
Q6P1M0,108
Q6P2M8,16
Q6P3E7,2
Q6P3R8,119
Q6P4F1,6
Q6P549,1
Q6P587,1
Q6P5Z2,210
Q6P6C2,178
Q6P6R0,2
Q6P6U0,1
Q6P762,9
Q6P7A9,400
Q6P7S1,42
Q6P988,663
Q6PAJ1,1
Q6PCB7,77
Q6PCT2,13
Q6PE15,7
Q6PFX9,2
Q6PH85,4
Q6PHR2,388
Q6PHU5,1
Q6PHW0,2
Q6PIU2,132
Q6PJP8,6
Q6PL18,390
Q6PRC7,107
Q6Q253,9
Q6Q2C2,8
Q6Q793,9
Q6QA75,2
Q6QHF9,35
Q6QIY3,87
Q6QLK5,517
Q6R3M4,16
Q6R5A3,3
Q6R6I6,4
Q6R6M4,6
Q6R7Z5,98
Q6REX6,5
Q6RI86,532
Q6RY99,17
Q6S4V9,1
Q6S996,3
Q6SA08,1
Q6SZW1,66
Q6T3U3,77
Q6T3U4,6
Q6T755,4
Q6TEK3,1
Q6TEK4,17
Q6TGC4,6
Q6TUJ4,22
Q6UB75,28
Q6UCJ9,40
Q6URW6,1
Q6UVM3,9
Q6UW60,12
Q6UWP7,103
Q6V1X1,3556
Q6VAB6,10
Q6VVP7,9
Q6W5P4,120
Q6W9J1,84
Q6WQJ1,28
Q6XEC0,19
Q6XKD3,2
Q6XQN6,23
Q6XUE4,72
Q6XUX3,104
Q6XV28,26
Q6Y1R5,77
Q6Y3N0,1
Q6Y7W6,2
Q6YGZ1,2
Q6YP21,8
Q6ZMT4,22
Q6ZN16,100
Q6ZPR4,14
Q6ZQN7,6
Q6ZQW0,81
Q6ZSR9,344
Q6ZVD8,38
Q6ZWH5,1
Q700B8,13
Q704V1,39
Q704Y3,11
Q709F0,297
Q70AG6,1
Q70CQ3,1767
Q70E71,17
Q70EL2,2
Q70I53,45
Q70YI1,67
Q712U5,3
Q71SY5,1
Q721J8,3
Q72502,75
Q72547,7698
Q72874,7488
Q75NA5,25
Q75VQ4,12
Q75Z89,150
Q75ZY9,6
Q76059,2
Q76129,131
Q76270,46
Q76EI6,1
Q76I76,6
Q76JU9,247
Q76JV1,2
Q76LL8,1
Q76LV2,29
Q76LX8,7
Q76MJ5,341
Q76MZ3,6
Q76NL8,47
Q76R61,189
Q77YF8,11
Q77YG1,4
Q789A4,1
Q78DX7,12
Q79EC5,111
Q79MP6,375
Q7A2Q4,44
Q7DHH4,7
Q7JHP9,90
Q7K6A1,5
Q7KQK5,19
Q7KZI7,427
Q7L0J3,3
Q7L2E3,244
Q7L5A8,78
Q7L7X3,495
Q7L8S5,2
Q7LBC6,40
Q7LFL8,13
Q7M0F8,141
Q7M3D2,2
Q7MW40,1
Q7N561,2
Q7RTN6,338
Q7RTR8,1
Q7RTX0,176
Q7RTX1,165
Q7T1G6,265
Q7T2L8,6
Q7T3S7,9
Q7T664,17
Q7TMA4,79
Q7TMR0,306
Q7TN79,23
Q7TNH1,1
Q7TQM4,3
Q7TQN8,150
Q7TQN9,51
Q7TQP3,440
Q7TSF2,24
Q7U0P8,8
Q7X1P7,36
Q7X575,2
Q7YR26,8
Q7YTA4,4
Q7YWJ9,62
Q7Z1V1,767
Q7Z2H8,76
Q7Z2W7,1075
Q7Z3E1,248
Q7Z406,312
Q7Z418,7
Q7Z478,20
Q7Z4H4,37
Q7Z4S6,6
Q7Z5P4,88
Q7Z5Q5,7
Q7Z5W3,2
Q7Z601,316
Q7Z628,266
Q7Z739,1
Q7ZJM1,5627
Q80SS6,491
Q80SU6,2
Q80T02,3
Q80UJ1,54
Q80VJ4,2
Q80W54,5
Q80W94,2
Q80WQ2,2
Q80XI6,7
Q80Z26,6
Q80Z29,2
Q80Z39,50
Q80ZG2,1
Q81258,45
Q81495,221
Q81BJ6,2
Q81EJ6,1
Q81EK9,1
Q81R22,38
Q81RP3,134
Q81VW8,22
Q81VX4,2
Q81WF0,14
Q820T1,51
Q82122,11
Q82134,140
Q82323,36
Q831P9,16
Q83371,3
Q834R3,12
Q836J0,34
Q83883,2
Q83TT7,4
Q83YP9,8
Q84406,34
Q848S6,34
Q84HF5,4
Q865E1,88
Q866A2,2
Q867C0,10
Q86831,2
Q869C3,78
Q86GS5,7
Q86PR3,4
Q86SG6,3
Q86SK9,483
Q86SR1,1
Q86TI2,2696
Q86TP1,2
Q86TW2,344
Q86U44,471
Q86U86,150
Q86UE8,133
Q86UX6,122
Q86UY6,24
Q86V24,1
Q86V67,2
Q86V86,2381
Q86VL8,58
Q86VQ6,52
Q86VW1,2
Q86VZ5,61
Q86W10,12
Q86W47,12
Q86W56,1052
Q86WV6,1028
Q86WV7,1
Q86X55,1363
Q86XE5,27
Q86XP3,280
Q86Y07,105
Q86Y97,9
Q86YI8,2
Q86YT5,199
Q86YV6,129
Q86Z02,194
Q873X9,18
Q873Y0,46
Q89535,203
Q89853,73
Q8AAK6,8
Q8AWE3,43
Q8BFU7,111
Q8BGY9,44
Q8BH61,1
Q8BH82,16
Q8BHY3,13
Q8BJ56,173
Q8BLA8,38
Q8BLD9,4
Q8BLF1,47
Q8BLG2,17
Q8BRU6,18
Q8BTI9,1
Q8BUD0,18
Q8BVQ5,22
Q8BVW0,14
Q8BW75,32
Q8BZ21,1
Q8BZ39,94
Q8BZP8,123
Q8C078,43
Q8C0L6,3
Q8C131,1
Q8C6A8,5
Q8C6L5,34
Q8C7D2,11
Q8CA95,195
Q8CFK4,21
Q8CFW1,2
Q8CGM4,34
Q8CGU9,2
Q8CHN6,3
Q8CI15,10
Q8CIG3,3
Q8CIM5,9
Q8CIP3,20
Q8CIP4,6
Q8CJ44,2
Q8CM62,5
Q8DNV6,46
Q8DP63,33
Q8DP79,11
Q8DQ18,5
Q8DW17,4
Q8E1K8,10
Q8F7V4,3
Q8FEJ5,2
Q8G2R2,60
Q8GDC1,28
Q8HXG6,4
Q8HY88,9
Q8HYC2,1
Q8HYC3,3
Q8HZ64,27
Q8HZP2,1
Q8HZR1,110
Q8I0P1,2
Q8I1R6,2
Q8I2J3,242
Q8I2S7,11
Q8I384,4
Q8I3X4,6
Q8I4S1,22
Q8I5C5,53
Q8I5R7,402
Q8I6Z5,37
Q8IAS0,28
Q8IBS5,406
Q8IDJ8,755
Q8IHZ9,2
Q8II92,92
Q8IKG4,27
Q8IKU0,22
Q8IL04,11
Q8IL11,843
Q8IL32,8
Q8ILG2,16
Q8ILP4,4
Q8ILQ7,5
Q8ILW6,114
Q8IM16,114
Q8IM71,3
Q8IU80,259
Q8IU85,281
Q8IUC8,1
Q8IUF8,1
Q8IV08,3
Q8IV61,156
Q8IVH8,483
Q8IVT5,2
Q8IVV7,34
Q8IVW4,108
Q8IW41,559
Q8IWE4,4
Q8IWL2,30
Q8IWQ3,132
Q8IWU9,124
Q8IXH6,4
Q8IXJ6,1411
Q8IXL6,1
Q8IXQ6,3
Q8IY84,121
Q8IYB4,123
Q8IYB8,10
Q8IYD1,76
Q8IYL9,5
Q8IYT8,130
Q8IYW5,2
Q8IZ08,1
Q8IZK6,27
Q8IZL9,1
Q8IZX4,31
Q8JUX5,19
Q8JUX6,4
Q8JXU8,1978
Q8JZL2,117
Q8K0H1,1
Q8K3T4,318
Q8K3Y3,22
Q8K409,44
Q8K411,3
Q8K418,70
Q8K424,2
Q8K4B4,3
Q8K4F2,66
Q8K4R8,2
Q8K4Z4,579
Q8K4Z6,21
Q8K5E0,15
Q8KHJ3,2
Q8KRU5,19
Q8MHZ5,48
Q8MI13,16
Q8MJ89,2
Q8MJW8,2
Q8MMZ7,114
Q8MMZ8,293
Q8MTZ4,82
Q8MZM0,2
Q8N0U8,1
Q8N118,2
Q8N130,14
Q8N1Q1,502
Q8N2K0,48
Q8N3A8,10
Q8N474,104
Q8N4C6,3
Q8N4C8,279
Q8N539,9
Q8N543,5
Q8N568,126
Q8N5K1,5
Q8N5S9,151
Q8N5Y8,38
Q8N5Z0,354
Q8N6M0,2
Q8N6T7,111
Q8N752,116
Q8N884,1111
Q8N8U2,143
Q8NA19,100
Q8NB16,279
Q8NB78,167
Q8NBP7,533
Q8NBS9,6
Q8NCC3,1
Q8NCG7,67
Q8NCL4,1
Q8ND76,96
Q8NE63,135
Q8NEB9,1171
Q8NEC5,2
Q8NER1,4890
Q8NET8,457
Q8NEV1,131
Q8NEV4,115
Q8NEZ4,1
Q8NFD2,116
Q8NFF2,1
Q8NFI3,17
Q8NFJ6,7
Q8NFM4,9
Q8NFU5,20
Q8NFU7,17
Q8NFV4,3
Q8NG66,103
Q8NG68,42
Q8NHM5,832
Q8NHU3,124
Q8NI60,397
Q8NI77,987
Q8NQE1,2
Q8NUQ6,14
Q8NWQ9,11
Q8NY00,45
Q8P1K1,30
Q8QGU2,14
Q8QZV1,100
Q8R0V5,56
Q8R0X7,2
Q8R116,61
Q8R180,2
Q8R2H2,4
Q8R2Y0,291
Q8R2Y2,35
Q8R3L8,1
Q8R431,196
Q8R455,515
Q8R492,3
Q8R493,42
Q8R4B8,372
Q8R4D5,85
Q8R4G1,34
Q8R4K2,2
Q8RL90,111
Q8RLA6,50
Q8RN04,3
Q8S3J0,1
Q8SPQ9,139
Q8SPZ1,18
Q8SQG8,1
Q8ST54,46
Q8T6J6,12
Q8T6T2,299
Q8T8E7,31
Q8T8E9,15
Q8T9Z7,67
Q8TA74,10
Q8TAC2,2
Q8TAF3,77
Q8TAX0,2
Q8TB45,10
Q8TB61,1
Q8TBC4,340
Q8TBE9,8
Q8TBK2,1
Q8TBX8,464
Q8TCC7,78
Q8TCD5,4
Q8TCT0,6
Q8TCT1,72
Q8TCT7,4
Q8TCT8,68
Q8TCW9,345
Q8TD08,410
Q8TD19,391
Q8TD43,34
Q8TDB8,1
Q8TDC3,135
Q8TDD5,319
Q8TDQ0,45
Q8TDR2,102
Q8TDS4,906
Q8TDS5,100
Q8TDU6,1492
Q8TDU9,72
Q8TDV5,2115
Q8TDX5,114
Q8TDX6,66
Q8TDX7,324
Q8TE04,21
Q8TEK3,370
Q8TET4,3
Q8TF76,271
Q8VBX1,2
Q8VC69,56
Q8VC82,2
Q8VCC1,1
Q8VCK6,27
Q8VCN5,2
Q8VCQ6,1
Q8VCT3,39
Q8VCT4,9
Q8VD00,100
Q8VD38,1
Q8VD48,23
Q8VDA6,1
Q8VEB1,1
Q8VH25,18
Q8VH26,676
Q8VH27,64
Q8VH37,8
Q8VHL0,46
Q8VHW5,11
Q8VIH9,5
Q8VIJ4,3
Q8VIJ5,56
Q8VNN2,636
Q8WMX0,38
Q8WN72,2
Q8WN93,9
Q8WN95,16
Q8WQX9,246
Q8WS26,60
Q8WSF8,63
Q8WTQ7,118
Q8WTS6,135
Q8WTT0,2
Q8WTV0,60
Q8WTX7,69
Q8WU08,105
Q8WUI4,835
Q8WUK0,2
Q8WUM9,14
Q8WVY7,10
Q8WWR8,230
Q8WWT9,4
Q8WWX8,4
Q8WXD0,8
Q8WXE1,376
Q8WXR4,123
Q8WXS5,735
Q8WYB5,121
Q8WYN0,1
Q8WZA2,138
Q8X225,2
Q8X6S1,17
Q8XB35,11
Q8XP19,6
Q8Y8D7,6
Q8Z5I4,2
Q8Z9J9,58
Q8Z9U1,22
Q8ZDW5,48
Q8ZEY1,12
Q8ZKQ6,4
Q8ZLS1,30
Q8ZMF7,4
Q90YJ9,6
Q91820,2
Q91H74,108
Q91VE3,62
Q91VJ1,3
Q91VM4,1
Q91WC9,13
Q91WG0,21
Q91WN4,31
Q91WP6,1
Q91WR5,9
Q91WW5,2
Q91X44,115
Q91XA9,162
Q91XB0,46
Q91XP5,2
Q91Y77,4
Q91Y86,26
Q91ZP4,1
Q91ZY1,199
Q91ZY2,82
Q91ZY3,10
Q920B6,2
Q920D2,1244
Q920E5,1
Q920H4,3
Q920L1,2
Q920L5,13
Q920R3,44
Q921V5,81
Q92206,6
Q922Z0,4
Q923I7,53
Q923J1,4
Q923X8,209
Q923Y8,1957
Q923Y9,1309
Q92499,342
Q924C3,13
Q924H0,10
Q924T8,1
Q924U1,199
Q92508,1
Q92519,1
Q92523,743
Q92547,18
Q92551,99
Q92560,52
Q92564,4
Q92570,3
Q925H0,26
Q92608,14
Q92630,683
Q92633,604
Q92698,409
Q92736,54
Q92743,1214
Q92753,578
Q92769,3872
Q92772,108
Q92793,3765
Q92794,1161
Q92800,88
Q92820,6
Q92824,29
Q92830,90
Q92831,509
Q92841,4
Q92843,299
Q92844,2
Q92851,20
Q92876,76
Q92887,960
Q92888,1
Q92889,3
Q92905,69
Q92915,16
Q92918,5679
Q92934,235
Q92947,4
Q92953,9
Q92959,53
Q92979,6
Q92993,509
Q92995,1
Q92997,10
Q93008,268
Q93009,848
Q93084,9
Q93086,21
Q93088,23
Q93096,74
Q931S2,7
Q932M0,1
Q932Y6,446
Q93EK7,32
Q93LQ9,112
Q93NH4,1
Q93RY0,16
Q93SQ1,34
Q93T40,34
Q93YN9,5
Q93ZN9,126
Q94661,1
Q94715,3
Q94F81,254
Q95136,462
Q95137,1
Q95214,990
Q95223,27
Q95254,2
Q95323,1477
Q95334,4
Q95J97,29
Q95MF8,10
Q95MH6,2
Q95N78,35
Q95PM0,602
Q95WR6,19
Q95XG9,2
Q95Z89,4
Q96242,11
Q962Y6,57
Q964Q8,18
Q965D5,223
Q965D6,17
Q965D7,28
Q96662,1
Q969F8,584
Q969H4,69
Q969J5,9
Q969M7,103
Q969R2,2
Q969S8,697
Q969T7,2
Q969V1,228
Q96A54,1
Q96AD5,1
Q96AE4,32
Q96B36,70
Q96BR1,118
Q96BZ4,3
Q96C86,58
Q96CA5,116
Q96CX2,89
Q96D31,130
Q96D53,117
Q96DB2,1088
Q96DC9,2
Q96EB6,1261
Q96FI4,6
Q96FJ0,34
Q96FJ2,6
Q96FL8,110
Q96FL9,1
Q96FW1,11
Q96G91,80
Q96GD4,3792
Q96GG9,929
Q96GW9,13
Q96GX5,2
Q96HE7,26
Q96HI0,53
Q96I25,11
Q96IV0,13
Q96IY4,530
Q96IZ0,118
Q96IZ2,2
Q96J92,1
Q96JB6,21
Q96JD6,67
Q96JH7,2
Q96JM7,136
Q96K76,52
Q96KB5,349
Q96KN8,66
Q96KQ7,831
Q96KS0,692
Q96L34,426
Q96L73,5
Q96LA8,205
Q96LA9,308
Q96LB1,63
Q96LB2,208
Q96LD8,1336
Q96MU7,8
Q96NT5,109
Q96NX5,163
Q96NY8,112
Q96NZ9,6
Q96P09,12
Q96P20,1189
Q96P65,298
Q96P68,10
Q96PC2,51
Q96PD4,148
Q96PD7,1337
Q96PF1,1
Q96PF2,31
Q96PH1,56
Q96PN6,63
Q96PN8,14
Q96PY6,451
Q96Q04,22
Q96Q15,27
Q96Q40,100
Q96Q83,96
Q96Q89,4
Q96QA9,5
Q96QK1,1
Q96QT4,1
Q96RD7,1
Q96RG2,1492
Q96RI0,1239
Q96RI1,4388
Q96RJ0,788
Q96RP8,1
Q96RR4,504
Q96RU2,338
Q96RU8,1
Q96S37,931
Q96S44,344
Q96S53,224
Q96SB4,268
Q96SD1,133
Q96SN7,1
Q96SW2,450
Q96T53,330
Q96T54,1
Q96T60,70
Q96T88,105
Q96W81,7
Q96WJ0,20
Q97R46,38
Q97RU8,1
Q97S36,5
Q97SR4,61
Q98254,2
Q98VG9,30
Q99028,17
Q99062,4
Q99075,6
Q99104,1
Q99323,1
Q99418,6
Q99436,57
Q99466,2
Q99489,83
Q99497,22
Q99500,3644
Q99504,14
Q99519,209
Q99523,123
Q99527,114
Q99536,1
Q99538,262
Q99542,4
Q99558,1338
Q99570,2
Q99571,374
Q99576,22
Q99594,49
Q99598,1
Q99619,6
Q99640,492
Q99661,2
Q99677,24
Q99683,2603
Q99685,3792
Q99700,174
Q99705,5030
Q99707,36
Q99714,24
Q99728,20
Q99732,63
Q99733,2
Q99755,122
Q99757,2
Q99759,395
Q99788,505
Q99808,509
Q99814,697
Q99816,203
Q99828,39
Q99835,1081
Q99836,2
Q99873,539
Q99884,55
Q99895,331
Q99952,6
Q99972,18
Q99973,4
Q99986,11
Q99IB8,9
Q99J39,11
Q99JA4,1
Q99KQ4,38
Q99LR1,36
Q99MA2,23
Q99MI5,10
Q99N23,157
Q99N42,3
Q99N57,6
Q99P50,4
Q99P67,9
Q99P97,2
Q99R76,22
Q9AH50,34
Q9AIU7,90
Q9AQH7,24
Q9AR38,10
Q9BDJ6,5
Q9BDP5,1
Q9BDQ5,6
Q9BDS8,2
Q9BE41,53
Q9BEG3,212
Q9BGI0,1
Q9BHT9,586
Q9BJF5,239
Q9BPV8,11
Q9BPW0,127
Q9BPW9,4
Q9BPX1,49
Q9BPZ2,2
Q9BPZ7,111
Q9BQ51,429
Q9BQ69,2
Q9BQB4,27
Q9BQB6,13
Q9BQF6,723
Q9BQI3,441
Q9BQT8,3
Q9BRH5,15
Q9BRQ5,1
Q9BRS2,118
Q9BRX8,2
Q9BSL1,13
Q9BSW2,56
Q9BT73,6
Q9BTE7,4
Q9BTL3,1
Q9BTU6,97
Q9BTY2,4
Q9BU89,6
Q9BUB5,1822
Q9BUL5,103
Q9BV23,226
Q9BV47,27
Q9BV86,147
Q9BVC4,142
Q9BVJ7,15
Q9BVS4,152
Q9BW19,49
Q9BW60,97
Q9BW91,1
Q9BWU1,257
Q9BX63,4
Q9BX84,98
Q9BX93,2
Q9BXA5,78
Q9BXA6,3
Q9BXA7,151
Q9BXC0,344
Q9BXC1,158
Q9BXF3,206
Q9BXM7,2
Q9BXR0,3
Q9BXU1,1
Q9BY08,6
Q9BY32,1
Q9BY41,4646
Q9BY66,17
Q9BYC5,3
Q9BYJ9,20
Q9BYP7,9
Q9BYT3,382
Q9BYW2,43
Q9BZ11,15
Q9BZ23,1
Q9BZ95,5
Q9BZE0,1
Q9BZE4,323
Q9BZJ3,39
Q9BZL6,495
Q9BZM1,7
Q9BZM2,14
Q9BZP6,173
Q9BZX2,16
Q9C000,45
Q9C098,128
Q9C0B1,318
Q9C0H9,2
Q9C0Y4,14
Q9C5U0,21
Q9C5U1,31
Q9CAJ0,9
Q9CAK8,2
Q9CPU0,4
Q9CQ65,18
Q9CWJ9,7
Q9CXJ1,1
Q9CYK2,16
Q9D099,4
Q9D358,6
Q9D379,148
Q9D4B1,16
Q9D6N1,196
Q9D7Q1,160
Q9D8T2,2
Q9DAR7,9
Q9DBJ1,1
Q9DC28,1
Q9DDE3,1
Q9DDV6,4
Q9DGD3,457
Q9EP66,68
Q9EP73,7
Q9EP86,10
Q9EPB1,16
Q9EPB7,10
Q9EPK8,29
Q9EPT5,4
Q9EPX4,141
Q9EQ16,4
Q9EQ60,3
Q9EQC5,1
Q9EQD2,43
Q9EQU3,19
Q9EQV9,4
Q9EQY0,1
Q9EQZ6,125
Q9ER60,2
Q9ERB5,14
Q9ERC0,62
Q9ERD9,2
Q9ERK7,35
Q9ERM3,63
Q9ERQ8,1
Q9ERT1,63
Q9ERZ3,14
Q9ERZ4,26
Q9ERZ8,144
Q9ES08,4
Q9ES90,12
Q9ESG6,104
Q9EST2,3
Q9ESU6,8
Q9ET01,10
Q9ET64,62
Q9EXV5,4
Q9EY48,18
Q9F2F0,80
Q9F663,6
Q9FBC5,59
Q9FBI2,34
Q9FD53,28
Q9FD70,3
Q9FG87,2
Q9FH76,9
Q9FUJ3,35
Q9FV53,25
Q9FYV8,130
Q9GJT2,4
Q9GJT6,86
Q9GJU1,7
Q9GME2,2
Q9GPG0,2
Q9GPQ4,44
Q9GRG6,2
Q9GRG7,4
Q9GSW0,2
Q9GT49,6
Q9GU59,32
Q9GUA8,30
Q9GV45,47
Q9GZN0,640
Q9GZQ4,267
Q9GZQ6,288
Q9GZQ8,265
Q9GZR1,894
Q9GZR5,1
Q9GZT4,38
Q9GZT9,2235
Q9GZU1,28
Q9GZU7,1016
Q9GZV9,18
Q9GZX6,4
Q9GZZ1,32
Q9GZZ6,81
Q9H093,384
Q9H0A0,344
Q9H0E9,16
Q9H0F6,1
Q9H0H5,2051
Q9H0J9,42
Q9H0K1,471
Q9H160,5
Q9H1C0,122
Q9H1D0,71
Q9H1R2,2
Q9H1R3,143
Q9H227,16
Q9H228,829
Q9H237,79
Q9H244,2042
Q9H252,1
Q9H255,32
Q9H2G2,487
Q9H2H0,13
Q9H2J4,7
Q9H2J7,41
Q9H2K2,1041
Q9H2K8,499
Q9H2M3,2
Q9H2X3,38
Q9H2X6,191
Q9H2X9,458
Q9H300,6
Q9H3H5,14
Q9H3M9,2
Q9H3R0,1919
Q9H3Y6,152
Q9H422,141
Q9H492,65
Q9H4A3,38
Q9H4A4,21
Q9H4B4,582
Q9H4B7,146
Q9H4M9,18
Q9H5I1,725
Q9H5J4,212
Q9H665,2
Q9H6P5,21
Q9H6S1,1
Q9H6W3,1
Q9H6Z9,216
Q9H773,556
Q9H792,2
Q9H7B4,1701
Q9H7D0,18
Q9H7M9,13
Q9H7Z6,507
Q9H7Z7,291
Q9H816,3
Q9H8M2,587
Q9H903,2
Q9H999,81
Q9H9B1,236
Q9H9Z2,2
Q9HAS3,39
Q9HAU4,31
Q9HAW7,3
Q9HAW8,10
Q9HAW9,4
Q9HAZ1,598
Q9HB03,15
Q9HB21,4
Q9HB55,3
Q9HB89,238
Q9HBA0,829
Q9HBE4,9
Q9HBH1,168
Q9HBH9,1933
Q9HBK9,14
Q9HBL8,1
Q9HBW0,215
Q9HBX9,249
Q9HBY0,2
Q9HBY8,22
Q9HC16,1372
Q9HC23,1
Q9HC29,1045
Q9HC35,1
Q9HC52,137
Q9HC62,83
Q9HC97,713
Q9HC98,200
Q9HCE5,180
Q9HCE7,108
Q9HCG7,265
Q9HCL2,1
Q9HCN6,41
Q9HCP0,417
Q9HCR9,385
Q9HCS2,2
Q9HCX4,10
Q9HD26,35
Q9HD36,85
Q9HD89,26
Q9HUN3,15
Q9HUU1,6
Q9HUY3,2
Q9HVB9,33
Q9HVM7,1
Q9HVW7,19
Q9HW02,26
Q9HWG3,1
Q9HX69,8
Q9HXM5,20
Q9HXQ1,28
Q9HXY2,2
Q9HYN5,81
Q9HYR3,10
Q9HZK0,11
Q9HZK1,10
Q9I056,11
Q9I194,231
Q9I4X3,9
Q9I5U5,8
Q9I7A8,89
Q9I8A2,4
Q9I8D0,10
Q9I9R4,29
Q9IGQ6,43
Q9IH62,10
Q9IP65,6
Q9IQ47,33
Q9JHF7,6
Q9JHF9,4
Q9JHG3,164
Q9JHG7,181
Q9JHI3,4
Q9JHI9,194
Q9JHJ5,15
Q9JHR7,30
Q9JI10,29
Q9JI35,1053
Q9JIA7,99
Q9JII9,31
Q9JIM1,35
Q9JIP4,11
Q9JIP7,3
Q9JIS4,8
Q9JIS5,3
Q9JIS7,1
Q9JJ09,8
Q9JJF9,12
Q9JJH7,6
Q9JJJ7,153
Q9JJX6,24
Q9JJX7,9
Q9JK96,1
Q9JKB1,24
Q9JKC1,514
Q9JL18,34
Q9JL21,11
Q9JLB5,97
Q9JLN9,117
Q9JLS3,62
Q9JLY8,75
Q9JM51,28
Q9JMD7,3
Q9JN24,367
Q9JZ55,7
Q9K2N0,67
Q9KID9,3
Q9KL41,1
Q9KM66,65
Q9KPI8,9
Q9L4P2,5
Q9L4Q3,3
Q9LGC6,17
Q9LM02,97
Q9M629,36
Q9MYJ9,2
Q9MYM4,18
Q9MYW9,11
Q9MYX0,98
Q9MYX2,9
Q9MZL5,1
Q9N0W7,1
Q9N1E2,2
Q9N1N9,558
Q9N1U3,4
Q9N2B7,8
Q9N623,34
Q9N6S8,714
Q9NAW2,16
Q9NAW4,142
Q9NBA7,75
Q9NBD4,44
Q9NFN6,2
Q9NFS5,3
Q9NG02,1
Q9NJH6,10
Q9NNX6,75
Q9NP56,463
Q9NP58,20
Q9NP59,519
Q9NP77,12
Q9NP87,18
Q9NPA2,23
Q9NPB1,4
Q9NPB8,1
Q9NPC1,264
Q9NPC2,368
Q9NPD5,212
Q9NPD8,4
Q9NPH5,200
Q9NPI1,73
Q9NPI8,2
Q9NPP4,2
Q9NQ66,7
Q9NQ90,50
Q9NQA5,4
Q9NQB0,29
Q9NQC3,1
Q9NQC7,2
Q9NQR1,100
Q9NQS5,785
Q9NQU5,303
Q9NQV7,6
Q9NQW7,113
Q9NQZ5,2
Q9NR19,498
Q9NR20,19
Q9NR21,43
Q9NR22,94
Q9NR48,375
Q9NR63,61
Q9NR71,16
Q9NR82,20
Q9NR96,3069
Q9NR97,3304
Q9NRA0,570
Q9NRA2,6
Q9NRC8,19
Q9NRE1,20
Q9NRF9,1
Q9NRG4,535
Q9NRH2,103
Q9NRL2,17
Q9NRM0,158
Q9NRM7,149
Q9NRP7,119
Q9NRR2,21
Q9NRS4,43
Q9NRW4,98
Q9NRX4,6
Q9NRY4,10
Q9NS61,6
Q9NS67,32
Q9NS86,3
Q9NS87,6
Q9NSA0,32
Q9NSA3,10
Q9NSD5,62
Q9NSD7,189
Q9NSD9,343
Q9NSE4,183
Q9NSI6,16
Q9NSU2,147
Q9NSY1,450
Q9NTG7,549
Q9NTK5,264
Q9NU22,336
Q9NUW8,762
Q9NUX5,4
Q9NV35,1
Q9NVM4,54
Q9NVS9,1
Q9NVV5,2
Q9NWH9,1
Q9NWM0,18
Q9NWM8,2
Q9NWT6,76
Q9NWT8,5
Q9NWW9,66
Q9NWZ3,9913
Q9NX46,49
Q9NX74,1
Q9NXA8,461
Q9NXB9,9
Q9NXG6,92
Q9NXS2,97
Q9NY33,57
Q9NY46,225
Q9NY47,40
Q9NY57,124
Q9NY59,199
Q9NY64,4
Q9NY65,1
Q9NY91,58
Q9NYA1,795
Q9NYB0,49
Q9NYG8,4
Q9NYK1,4250
Q9NYL2,473
Q9NYP7,9
Q9NYQ3,2
Q9NYV4,643
Q9NYV7,16
Q9NYV8,120
Q9NYV9,2
Q9NYW0,7
Q9NYW1,3
Q9NYW2,324
Q9NYW3,1
Q9NYW4,1
Q9NYW5,3
Q9NYW6,1
Q9NYW7,4
Q9NYY3,521
Q9NZ08,363
Q9NZ20,238
Q9NZ42,12
Q9NZ45,165
Q9NZJ5,528
Q9NZK7,18
Q9NZM1,1
Q9NZN5,3
Q9NZQ7,4416
Q9NZQ8,279
Q9NZV8,5
Q9P0G3,90
Q9P0J0,321
Q9P0L2,149
Q9P0M2,23
Q9P0U3,398
Q9P0X4,394
Q9P0Z9,6
Q9P1W9,4035
Q9P1Z3,1
Q9P275,9
Q9P286,139
Q9P289,496
Q9P296,2
Q9P2H5,2
Q9P2J5,86
Q9P2K3,2
Q9P2K8,569
Q9P2R7,287
Q9P2T1,95
Q9P8Q7,168
Q9PN07,11
Q9PPP5,20
Q9PTN2,14
Q9PUI7,4
Q9QBY3,21
Q9QLI9,6
Q9QNF7,231
Q9QR71,1416
Q9QUK6,156
Q9QUL3,18
Q9QUM0,1
Q9QUN7,173
Q9QUQ5,1504
Q9QUR6,38
Q9QVP9,30
Q9QWJ9,28
Q9QWS8,3
Q9QX29,22
Q9QXD6,90
Q9QXE2,7
Q9QXI6,8
Q9QXM0,196
Q9QXX3,30
Q9QY96,3
Q9QYJ6,1404
Q9QYM2,47
Q9QYN8,2556
Q9QYW1,1
Q9QZC1,1
Q9QZH4,3
Q9QZN9,584
Q9QZQ3,1
Q9QZQ4,1
Q9QZT4,14
Q9QZX7,18
Q9QZX8,2
Q9R001,2
Q9R0C9,1416
Q9R0N0,8
Q9R0P9,74
Q9R0Q2,4
Q9R0R3,4
Q9R0W2,55
Q9R0W5,5
Q9R117,32
Q9R141,7
Q9R155,18
Q9R1A7,55
Q9R1C8,43
Q9R1E6,252
Q9R1K6,176
Q9R1K8,8
Q9R1L2,5
Q9R1M7,23
Q9R1P3,8
Q9R1S4,35
Q9R1T3,6
Q9R1U7,38
Q9R1W5,2
Q9R261,11
Q9R297,31
Q9RDT3,8
Q9RI12,4
Q9RK76,2
Q9RMS5,37
Q9RUB5,3
Q9S446,333
Q9SEH8,36
Q9SMJ3,45
Q9SPL6,7
Q9TRC7,17
Q9TSW7,24
Q9TSZ1,152
Q9TSZ3,2
Q9TT92,2
Q9TTK6,26
Q9TU15,15
Q9TU16,3
Q9TV63,2
Q9TVW2,176
Q9U5N1,2
Q9U638,43
Q9UBB5,54
Q9UBC3,135
Q9UBE0,680
Q9UBE8,398
Q9UBF8,870
Q9UBL9,639
Q9UBM7,18
Q9UBN4,9
Q9UBN7,8519
Q9UBP0,4
Q9UBR2,22
Q9UBS0,19
Q9UBT2,123
Q9UBT6,28
Q9UBU3,66
Q9UBU7,261
Q9UBX1,104
Q9UBY0,31
Q9UBY5,363
Q9UBZ9,22
Q9UDY8,1272
Q9UEE5,294
Q9UEW8,142
Q9UF12,22
Q9UF33,125
Q9UGC6,7
Q9UGJ0,344
Q9UGL1,1134
Q9UGM1,2
Q9UGN5,933
Q9UGP5,78
Q9UH17,8
Q9UH92,16
Q9UHC3,67
Q9UHC9,179
Q9UHD2,2819
Q9UHD8,342
Q9UHF0,6
Q9UHH9,71
Q9UHI5,17
Q9UHI8,40
Q9UHJ3,80
Q9UHL4,3271
Q9UHP3,245
Q9UI32,70
Q9UI33,5
Q9UI40,1
Q9UI42,22
Q9UIF8,136
Q9UIF9,142
Q9UIG0,4
Q9UIJ5,7
Q9UIK4,153
Q9UIQ6,667
Q9UIV1,29
Q9UJ42,66
Q9UJ71,2
Q9UJM8,333
Q9UJQ4,16
Q9UJU2,2
Q9UJW3,6
Q9UK17,72
Q9UK32,455
Q9UK80,12
Q9UKE5,967
Q9UKG9,4
Q9UKI8,124
Q9UKK3,52
Q9UKK9,1
Q9UKL0,94
Q9UKL6,26
Q9UKM7,57
Q9UKN7,1
Q9UKP5,264
Q9UKR0,7
Q9UKR3,9
Q9UKS7,23
Q9UKU0,6
Q9UKU6,2
Q9UKV0,754
Q9UKV8,6
Q9UKX2,2
Q9UL19,66
Q9UL51,6
Q9UL54,401
Q9UL62,216
Q9ULA0,14
Q9ULC4,167
Q9ULC5,245
Q9ULC6,61
Q9ULD4,53
Q9ULD8,71
Q9ULH1,90
Q9ULI0,53
Q9ULK4,1
Q9ULM3,4
Q9ULU4,1
Q9ULW0,1
Q9ULW8,32
Q9ULX7,897
Q9ULZ1,125
Q9ULZ9,38
Q9UM07,1575
Q9UM47,75
Q9UM73,3108
Q9UM81,7
Q9UMN6,4
Q9UMW8,4
Q9UN76,10
Q9UNA0,1575
Q9UNA4,6
Q9UNH5,30
Q9UNI1,46
Q9UNK4,25
Q9UNQ0,1716
Q9UNU6,91
Q9UP38,8
Q9UP65,9
Q9UPC5,215
Q9UPE1,111
Q9UPN9,125
Q9UPP1,187
Q9UPS6,2
Q9UPY5,58
Q9UPZ9,353
Q9UQ07,44
Q9UQ49,290
Q9UQ88,150
Q9UQB9,251
Q9UQD0,1401
Q9UQL6,992
Q9URB4,8
Q9UUP5,20
Q9UUZ4,2
Q9UVX3,27
Q9V396,27
Q9VFK6,2
Q9VTU8,27
Q9VTV9,17
Q9VWX8,2
Q9W6Q1,4
Q9WKE8,32
Q9WMX2,589
Q9WRL0,37
Q9WTL7,2
Q9WTR1,1
Q9WTR4,1619
Q9WTU3,17
Q9WTU6,12
Q9WTV9,5
Q9WU09,1
Q9WU19,37
Q9WU25,15
Q9WUD2,115
Q9WUD9,72
Q9WUI1,49
Q9WUL0,1
Q9WUL5,2
Q9WUN2,24
Q9WUT3,28
Q9WV08,39
Q9WV26,144
Q9WV60,12
Q9WVA9,11
Q9WVC5,1
Q9WVC6,7
Q9WVC8,77
Q9WVD0,13
Q9WVF6,14
Q9WVG5,44
Q9WVG6,77
Q9WVM4,10
Q9WVR3,4
Q9WVS8,1
Q9X1N5,6
Q9X688,19
Q9X721,190
Q9X759,2
Q9X9I8,9
Q9XAY4,3
Q9XDB3,8
Q9XFS9,4
Q9XQA6,4
Q9XSD0,1
Q9XSW7,13
Q9XT82,2
Q9XTA2,25
Q9XUB2,2307
Q9XWV7,1
Q9XYC7,58
Q9XZT6,119
Q9Y006,2
Q9Y0I0,36
Q9Y210,214
Q9Y223,2
Q9Y230,30
Q9Y231,14
Q9Y232,68
Q9Y233,7130
Q9Y237,5
Q9Y239,1028
Q9Y243,1000
Q9Y251,478
Q9Y253,18
Q9Y256,28
Q9Y259,80
Q9Y263,52
Q9Y265,41
Q9Y286,27
Q9Y294,70
Q9Y2A9,4
Q9Y2C9,10
Q9Y2D0,609
Q9Y2E5,3
Q9Y2H1,238
Q9Y2H9,102
Q9Y2I1,212
Q9Y2I7,93
Q9Y2J8,51
Q9Y2K2,448
Q9Y2K6,10
Q9Y2K7,201
Q9Y2Q3,5
Q9Y2R2,779
Q9Y2T1,5
Q9Y2T3,14
Q9Y2T5,374
Q9Y2T6,1143
Q9Y2U5,395
Q9Y2W1,257
Q9Y303,2
Q9Y336,250
Q9Y337,1541
Q9Y345,741
Q9Y365,9
Q9Y3C6,2
Q9Y3Q0,38
Q9Y3Q4,63
Q9Y3R4,256
Q9Y3S1,13
Q9Y463,1018
Q9Y466,22
Q9Y468,172
Q9Y478,274
Q9Y496,2
Q9Y4C1,108
Q9Y4D2,420
Q9Y4E8,7
Q9Y4K0,921
Q9Y4K3,4
Q9Y4K4,415
Q9Y4P1,594
Q9Y4W6,1
Q9Y508,2
Q9Y570,15
Q9Y572,628
Q9Y587,115
Q9Y5A9,24
Q9Y5K2,40
Q9Y5K5,26
Q9Y5L3,50
Q9Y5P4,5
Q9Y5R2,6
Q9Y5S1,11
Q9Y5S2,475
Q9Y5S8,442
Q9Y5T5,2
Q9Y5X4,562
Q9Y5X5,320
Q9Y5X9,1401
Q9Y5Y4,3884
Q9Y5Y6,835
Q9Y5Y9,1025
Q9Y5Z0,3522
Q9Y5Z6,2
Q9Y616,436
Q9Y618,242
Q9Y657,23
Q9Y694,13
Q9Y698,159
Q9Y6A2,114
Q9Y6E0,383
Q9Y6F1,151
Q9Y6F8,48
Q9Y6I3,2
Q9Y6K0,45
Q9Y6K1,134
Q9Y6K9,4
Q9Y6L6,317
Q9Y6L7,401
Q9Y6M4,395
Q9Y6M9,13
Q9Y6N5,47
Q9Y6Q9,649
Q9Y6R4,387
Q9Y6T7,2
Q9Y6W6,12
Q9Y6Y9,44
Q9Y745,2
Q9YGV3,6
Q9YGX2,2
Q9YQ12,2436
Q9YQ30,49
Q9Z0F8,94
Q9Z0J4,52
Q9Z0J5,21
Q9Z0K8,6
Q9Z0R9,2
Q9Z0U4,204
Q9Z0U5,9
Q9Z0W0,4
Q9Z0W1,2
Q9Z0Y2,18
Q9Z0Y8,1
Q9Z0Y9,2
Q9Z122,18
Q9Z148,4
Q9Z183,66
Q9Z1B7,35
Q9Z1J7,94
Q9Z1K9,12
Q9Z1L0,121
Q9Z1M0,256
Q9Z1T6,2
Q9Z1Z1,1
Q9Z258,2
Q9Z286,14
Q9Z2A7,468
Q9Z2D5,14
Q9Z2J6,21
Q9Z2V5,173
Q9Z2V6,10
Q9Z2X8,2
Q9Z2Z8,12
Q9Z351,33
Q9Z429,7
Q9Z5X1,5
Q9Z7P3,4
Q9ZB22,6
Q9ZHC3,33
Q9ZLT0,99
Q9ZTP8,127
T1QYY3,2
T1VXA1,17
V5TFZ2,84
V5VCK8,2
V9GZ37,64
V9HWB9,34
W5VNF7,7
W7JX98,51
W8T2T2,19
X5EH84,115
