model	role	member	path	bytes	sha256
OT-ProfileNet	family_checkpoint	Enzyme	PreMOTA/regression_multitask/model_fintune_save/Enzyme/ratio_0.9batch128LR_1e-4random_0_esm2.pt	90557675	11c122bd0207aadeb5376e43bfd008fbd01f6f6823ceb462558a63051201147e
OT-ProfileNet	family_checkpoint	GPCR	PreMOTA/regression_multitask/model_fintune_save/GPCR/ratio_0.9batch128LR_1e-4random_0_esm2.pt	90557675	cc9792072c82e5e2e3f0c2eb018e4b46c6633b77f4baaf60940f9acfa664f9b1
OT-ProfileNet	family_checkpoint	IonChannel	PreMOTA/regression_multitask/model_fintune_save/IonChannel/ratio_0.9batch128LR_1e-4random_0_esm2.pt	90557675	d343d7d362319cfe4656d241a3fac4e261f4d7eef656931f273ab8e8c08e7e33
OT-ProfileNet	family_checkpoint	Kinase	PreMOTA/regression_multitask/model_fintune_save/Kinase/ratio_0.9batch128LR_1e-4random_0_esm2.pt	90557675	7d9ae23e51662bb76f2dc692ce39852c0a039bf13467fe2f40bca6eff56dd99a
OT-ProfileNet	family_checkpoint	NHR	PreMOTA/regression_multitask/model_fintune_save/NHR/ratio_0.9batch128LR_1e-4random_0_esm2.pt	90557675	5eadde309be4ed07a7545ed86c60bde910f9070a9142e8b3d344cee07b81b574
OT-ProfileNet	family_checkpoint	Other	PreMOTA/regression_multitask/model_fintune_save/Other/ratio_0.9batch128LR_1e-4random_0_esm2.pt	90557675	c7d78871c09dc5480d1b48212dbcf127b566fba5e313228efc789a4fa7aa5250
OT-ProfileNet	family_checkpoint	Transporter	PreMOTA/regression_multitask/model_fintune_save/Transporter/ratio_0.9batch128LR_1e-4random_0_esm2.pt	90557675	1e3bafdd75fac3bf15b8576f9ef20db865dac99ad8b52b9181378270d67796a8
PlasmaBindNet-Fu	ensemble_checkpoint	2044	MotifAttnNet/result/PPB/retrain_probe/random_full_final_logitfu_sampler025_auxlow005_composite_seed2044_e60/save_model/model.pt	39577378	7a7bdbc2f2a3bea833d740b57566c6e8ce81a4564f648031f25ebd65b3205d86
PlasmaBindNet-Fu	ensemble_checkpoint	2038	MotifAttnNet/result/PPB/retrain_probe/random_full_final_logitfu_sampler025_auxlow005_composite_seed2038_e60/save_model/model.pt	39577378	581f3cc8c01540cb40ddb4c47170835540c813715b2d8888db4c0a6f8296c7bd
PlasmaBindNet-Fu	ensemble_checkpoint	2037	MotifAttnNet/result/PPB/retrain_probe/random_full_final_logitfu_sampler025_auxlow005_composite_seed2037_e60/save_model/model.pt	39577378	a0631fcd92c1c59510ac00d8b9abeb75639c3e2b6ea906e06b4c191884c6ca7a
PlasmaBindNet-Fu	ensemble_checkpoint	2022	MotifAttnNet/result/PPB/retrain_probe/random_full_final_logitfu_sampler025_auxlow005_composite_seed2022_e60/save_model/model.pt	39577378	2f1f8daa2b71dd8b8a304bc0291dd2e64d8ab9840e9a3479714b07a90e812e5b
PlasmaBindNet-Fu	ensemble_checkpoint	2032	MotifAttnNet/result/PPB/retrain_probe/random_full_final_logitfu_sampler025_auxlow005_composite_seed2032_e60/save_model/model.pt	39577378	b22c136f66e1da7e28c8c7f3ab1ae367b86c9a1c7b16a033008c693a7f0ea156
DoseExpoNet	ensemble_checkpoint	1998	MotifAttnNet/result/Cmax/cmax_random_split_run1998/save_model_seed1998/model.pt	40118498	f659a3f66de4e8db8ce6d199db524ac9096dd67a148e7d149dcfe796c4f7c69f
DoseExpoNet	ensemble_checkpoint	2022	MotifAttnNet/result/Cmax/cmax_random_split_run2022/save_model_seed2022/model.pt	40118498	a7b61f41ad86d8cda9df6ac2380c704ef2331da89aba0c0272618c7020b641b4
DoseExpoNet	ensemble_checkpoint	2023	MotifAttnNet/result/Cmax/cmax_random_split_run2023/save_model_seed2023/model.pt	40118498	af589824f6ab6a37c014f26eff58a58dbafb1d5f0b2119e9fa349ceb1bab3839
DoseExpoNet	ensemble_checkpoint	2024	MotifAttnNet/result/Cmax/cmax_random_split_run2024/save_model_seed2024/model.pt	40118498	a5c349bc2c116ecd4b2859a55f5f69d5db72e263b5811cc53616826fab2f202a
DoseExpoNet	ensemble_checkpoint	2025	MotifAttnNet/result/Cmax/cmax_random_split_run2025/save_model_seed2025/model.pt	40118498	2f6f19bb86cd706d7029f00886c4006183ed1b4c3581c949b3edc7aee044c20b
DOT-SafeNet	base_index	1	HetSia-SafeNet/result_split/oldpremota_newppb_a2mono_20260629/a2_mono_lite_product_5fold_assembled/fold_checkpoints/best_model_fold_1_weights.index	5605	0b39382f6edd1466424791b89bac4d98f1e077db8e82712d8ba10adf0808e58e
DOT-SafeNet	base_data	1	HetSia-SafeNet/result_split/oldpremota_newppb_a2mono_20260629/a2_mono_lite_product_5fold_assembled/fold_checkpoints/best_model_fold_1_weights.data-00000-of-00001	11566894	142266c8fcace72092223efe2079164635071bfe9adf224ab5dbf2e601ce9c89
DOT-SafeNet	base_index	2	HetSia-SafeNet/result_split/oldpremota_newppb_a2mono_20260629/a2_mono_lite_product_5fold_assembled/fold_checkpoints/best_model_fold_2_weights.index	5605	710fab0857bd78d7d2c603daf891338828de93434af5cb7bacbab3a6ad0e2f3f
DOT-SafeNet	base_data	2	HetSia-SafeNet/result_split/oldpremota_newppb_a2mono_20260629/a2_mono_lite_product_5fold_assembled/fold_checkpoints/best_model_fold_2_weights.data-00000-of-00001	11566894	3f7d8e525d8f2cdd108795d42b6e2d33f54b9ecadf9eeb34ea981517c0b9be87
DOT-SafeNet	base_index	3	HetSia-SafeNet/result_split/oldpremota_newppb_a2mono_20260629/a2_mono_lite_product_5fold_assembled/fold_checkpoints/best_model_fold_3_weights.index	5605	8ce6adb46d9ae3d98660dcda67dcaf87de109210173bf71cd478860d69e10a12
DOT-SafeNet	base_data	3	HetSia-SafeNet/result_split/oldpremota_newppb_a2mono_20260629/a2_mono_lite_product_5fold_assembled/fold_checkpoints/best_model_fold_3_weights.data-00000-of-00001	11566894	2efc1de4e4e33d30d5959a6ec1501f2c790af4e4665f17143f8eb166e5b0d941
DOT-SafeNet	base_index	4	HetSia-SafeNet/result_split/oldpremota_newppb_a2mono_20260629/a2_mono_lite_product_5fold_assembled/fold_checkpoints/best_model_fold_4_weights.index	5605	d7de15757e8a7a0f46f0ff0bb30d22104b9af3e076dbc5a6f6ec64b301b8ecf2
DOT-SafeNet	base_data	4	HetSia-SafeNet/result_split/oldpremota_newppb_a2mono_20260629/a2_mono_lite_product_5fold_assembled/fold_checkpoints/best_model_fold_4_weights.data-00000-of-00001	11566894	2a8fa2bacce7464d6baa77a81c5d9dbeccbc75c064f0a7086abe039a7e4c86b9
DOT-SafeNet	base_index	5	HetSia-SafeNet/result_split/oldpremota_newppb_a2mono_20260629/a2_mono_lite_product_5fold_assembled/fold_checkpoints/best_model_fold_5_weights.index	5605	085f8b79aa8dcd747a2af037ccfedff74d77d99909a265088953425b80022518
DOT-SafeNet	base_data	5	HetSia-SafeNet/result_split/oldpremota_newppb_a2mono_20260629/a2_mono_lite_product_5fold_assembled/fold_checkpoints/best_model_fold_5_weights.data-00000-of-00001	11566894	514e3fe73419211c65dceed09f520d1b78eb6e278e528f69611008e99fb0a816
DOT-SafeNet	clinical_index	1	HetSia-SafeNet/result_split/oldpremota_newppb_a2mono_20260629/a2_mono_lite_product_ctade_cw035_5fold/fold_1/best_finetuned_weights.index	2319	64d042134f9da01d2e117b558002d57b8f6ebb4c63a77f4db21f91fc89c047d8
DOT-SafeNet	clinical_data	1	HetSia-SafeNet/result_split/oldpremota_newppb_a2mono_20260629/a2_mono_lite_product_ctade_cw035_5fold/fold_1/best_finetuned_weights.data-00000-of-00001	3858167	88c21ef6bd6199a9a24e3127c78df5be1b7e70ce018bad7543a23125961c1309
DOT-SafeNet	clinical_index	2	HetSia-SafeNet/result_split/oldpremota_newppb_a2mono_20260629/a2_mono_lite_product_ctade_cw035_5fold/fold_2/best_finetuned_weights.index	2319	92d3b0cd1e71aaa167b7ca87abdf68e12faef330e8aa444da630ded7221ffdc1
DOT-SafeNet	clinical_data	2	HetSia-SafeNet/result_split/oldpremota_newppb_a2mono_20260629/a2_mono_lite_product_ctade_cw035_5fold/fold_2/best_finetuned_weights.data-00000-of-00001	3858167	0cad50998caa700de4a41c1a3b7d1858d996ebf1f2245168391c94a86e46d69f
DOT-SafeNet	clinical_index	3	HetSia-SafeNet/result_split/oldpremota_newppb_a2mono_20260629/a2_mono_lite_product_ctade_cw035_5fold/fold_3/best_finetuned_weights.index	2319	6b32aa07550a438ff89c6fbfb2696688bfda26a3858c21aa3219961e813d4694
DOT-SafeNet	clinical_data	3	HetSia-SafeNet/result_split/oldpremota_newppb_a2mono_20260629/a2_mono_lite_product_ctade_cw035_5fold/fold_3/best_finetuned_weights.data-00000-of-00001	3858167	8c288a2fdaa57b338ace57fb69091f61fee34ca315f142b071bdcdbd9dd72434
DOT-SafeNet	clinical_index	4	HetSia-SafeNet/result_split/oldpremota_newppb_a2mono_20260629/a2_mono_lite_product_ctade_cw035_5fold/fold_4/best_finetuned_weights.index	2319	a6a47f62ec22e147c7e0bce0178aeb7111905403ca2445774f00cda6da7a01ae
DOT-SafeNet	clinical_data	4	HetSia-SafeNet/result_split/oldpremota_newppb_a2mono_20260629/a2_mono_lite_product_ctade_cw035_5fold/fold_4/best_finetuned_weights.data-00000-of-00001	3858167	3396025f07ddc48aa9394b6e86a1d2228366cfbc2d3d9a6539dc4d387c89d151
DOT-SafeNet	clinical_index	5	HetSia-SafeNet/result_split/oldpremota_newppb_a2mono_20260629/a2_mono_lite_product_ctade_cw035_5fold/fold_5/best_finetuned_weights.index	2319	40632574a1af2201a071aefcf689fbfd68e0bd7ab792a5045bf6bfd682ecefeb
DOT-SafeNet	clinical_data	5	HetSia-SafeNet/result_split/oldpremota_newppb_a2mono_20260629/a2_mono_lite_product_ctade_cw035_5fold/fold_5/best_finetuned_weights.data-00000-of-00001	3858167	5e3ecb1f8f552bdd939251641ba1d3d8e097bdb2a82eef7a196716b2086bd5f5
